id,word,n,tf,idf,tf_idf
333,disappeared,1,0.3333333333333333,4.0661736852554045,1.3553912284184682
2,logs,1,0.3333333333333333,3.912023005428146,1.3040076684760487
2,randomly,1,0.3333333333333333,3.912023005428146,1.3040076684760487
116,crashing,1,0.3333333333333333,3.912023005428146,1.3040076684760487
258,wrong,1,0.3333333333333333,3.66070857714724,1.2202361923824132
154,insomnia,1,0.3333333333333333,3.4600378816850887,1.1533459605616962
333,order,1,0.3333333333333333,3.4600378816850887,1.1533459605616962
58,save,1,0.25,4.471638793363569,1.1179096983408923
265,response,1,0.25,4.471638793363569,1.1179096983408923
154,worsening,1,0.3333333333333333,3.2929837970219227,1.0976612656739742
258,address,1,0.3333333333333333,3.1498829533812494,1.0499609844604163
333,prescription,1,0.3333333333333333,2.913494175317019,0.971164725105673
116,keeps,1,0.3333333333333333,2.8622008809294686,0.9540669603098229
58,changes,1,0.25,3.7784916128036232,0.9446229032009058
58,profile,1,0.25,3.7784916128036232,0.9446229032009058
258,still,1,0.3333333333333333,2.8134107167600364,0.9378035722533454
265,request,1,0.25,3.66070857714724,0.91517714428681
284,getting,1,0.25,3.66070857714724,0.91517714428681
298,migraine,1,0.25,3.66070857714724,0.91517714428681
58,won,1,0.25,3.5553480614894135,0.8888370153723534
298,recently,1,0.25,3.5553480614894135,0.8888370153723534
284,error,1,0.25,3.4600378816850887,0.8650094704212722
284,keep,1,0.25,3.4600378816850887,0.8650094704212722
284,message,1,0.25,3.4600378816850887,0.8650094704212722
140,constant,1,0.25,3.373026504695459,0.8432566261738648
140,tightness,1,0.25,3.2929837970219227,0.8232459492554807
197,worsening,1,0.25,3.2929837970219227,0.8232459492554807
196,send,1,0.2,4.0661736852554045,0.813234737051081
265,fit,1,0.25,3.1498829533812494,0.7874707383453123
265,note,1,0.25,3.1498829533812494,0.7874707383453123
2,app,1,0.3333333333333333,2.361425593016979,0.787141864338993
116,app,1,0.3333333333333333,2.361425593016979,0.787141864338993
138,resetting,1,0.2,3.7784916128036232,0.7556983225607247
22,joint,1,0.2,3.66070857714724,0.7321417154294481
22,stiffness,1,0.2,3.66070857714724,0.7321417154294481
121,dull,1,0.2,3.66070857714724,0.7321417154294481
131,joint,1,0.2,3.66070857714724,0.7321417154294481
131,stiffness,1,0.2,3.66070857714724,0.7321417154294481
119,recently,1,0.2,3.5553480614894135,0.7110696122978828
155,recently,1,0.2,3.5553480614894135,0.7110696122978828
196,won,1,0.2,3.5553480614894135,0.7110696122978828
151,lasts,1,0.16666666666666666,4.248495242049359,0.7080825403415598
151,sensation,1,0.16666666666666666,4.248495242049359,0.7080825403415598
221,4g,1,0.16666666666666666,4.248495242049359,0.7080825403415598
221,dashboard,1,0.16666666666666666,4.248495242049359,0.7080825403415598
221,freezes,1,0.16666666666666666,4.248495242049359,0.7080825403415598
221,instantly,1,0.16666666666666666,4.248495242049359,0.7080825403415598
221,loads,1,0.16666666666666666,4.248495242049359,0.7080825403415598
140,chest,1,0.25,2.8134107167600364,0.7033526791900091
240,insomnia,1,0.2,3.4600378816850887,0.6920075763370178
329,insomnia,1,0.2,3.4600378816850887,0.6920075763370178
17,reset,2,0.15384615384615385,4.471638793363569,0.6879444297482414
114,ability,1,0.16666666666666666,4.0661736852554045,0.6776956142092341
114,concentrate,1,0.16666666666666666,4.0661736852554045,0.6776956142092341
176,disappeared,1,0.16666666666666666,4.0661736852554045,0.6776956142092341
346,disappeared,1,0.16666666666666666,4.0661736852554045,0.6776956142092341
138,password,1,0.2,3.373026504695459,0.6746053009390919
329,daily,1,0.2,3.373026504695459,0.6746053009390919
329,life,1,0.2,3.373026504695459,0.6746053009390919
197,back,1,0.25,2.6798793241355137,0.6699698310338784
328,idea,2,0.2222222222222222,2.9675613965872945,0.6594580881305099
9,tightness,1,0.2,3.2929837970219227,0.6585967594043846
121,persistent,1,0.2,3.2929837970219227,0.6585967594043846
121,tightness,1,0.2,3.2929837970219227,0.6585967594043846
138,log,1,0.2,3.2929837970219227,0.6585967594043846
155,tightness,1,0.2,3.2929837970219227,0.6585967594043846
240,worsening,1,0.2,3.2929837970219227,0.6585967594043846
56,logs,1,0.16666666666666666,3.912023005428146,0.6520038342380243
56,randomly,1,0.16666666666666666,3.912023005428146,0.6520038342380243
68,crashing,1,0.16666666666666666,3.912023005428146,0.6520038342380243
112,crashing,1,0.16666666666666666,3.912023005428146,0.6520038342380243
338,logs,1,0.16666666666666666,3.912023005428146,0.6520038342380243
338,randomly,1,0.16666666666666666,3.912023005428146,0.6520038342380243
161,save,1,0.14285714285714285,4.471638793363569,0.6388055419090812
197,pain,1,0.25,2.5257286443082556,0.6314321610770639
298,started,1,0.25,2.5257286443082556,0.6314321610770639
65,abdominal,1,0.2,3.1498829533812494,0.6299765906762499
65,cramps,1,0.2,3.1498829533812494,0.6299765906762499
119,abdominal,1,0.2,3.1498829533812494,0.6299765906762499
119,cramps,1,0.2,3.1498829533812494,0.6299765906762499
131,comes,1,0.2,3.1498829533812494,0.6299765906762499
196,email,1,0.2,3.1498829533812494,0.6299765906762499
196,system,1,0.2,3.1498829533812494,0.6299765906762499
206,numbness,1,0.2,3.1498829533812494,0.6299765906762499
280,comes,1,0.2,3.1498829533812494,0.6299765906762499
56,resetting,1,0.16666666666666666,3.7784916128036232,0.6297486021339371
71,despite,1,0.16666666666666666,3.7784916128036232,0.6297486021339371
71,updating,1,0.16666666666666666,3.7784916128036232,0.6297486021339371
112,resetting,1,0.16666666666666666,3.7784916128036232,0.6297486021339371
176,resetting,1,0.16666666666666666,3.7784916128036232,0.6297486021339371
268,resetting,1,0.16666666666666666,3.7784916128036232,0.6297486021339371
323,device,1,0.16666666666666666,3.7784916128036232,0.6297486021339371
323,use,1,0.16666666666666666,3.7784916128036232,0.6297486021339371
196,verification,1,0.2,3.0853444322436783,0.6170688864487357
74,wrong,1,0.16666666666666666,3.66070857714724,0.6101180961912066
205,dull,1,0.16666666666666666,3.66070857714724,0.6101180961912066
221,happens,1,0.16666666666666666,3.66070857714724,0.6101180961912066
268,wrong,1,0.16666666666666666,3.66070857714724,0.6101180961912066
281,migraine,1,0.16666666666666666,3.66070857714724,0.6101180961912066
308,joint,1,0.16666666666666666,3.66070857714724,0.6101180961912066
308,stiffness,1,0.16666666666666666,3.66070857714724,0.6101180961912066
24,come,1,0.14285714285714285,4.248495242049359,0.606927891721337
24,disturbed,1,0.14285714285714285,4.248495242049359,0.606927891721337
24,due,1,0.14285714285714285,4.248495242049359,0.606927891721337
24,go,1,0.14285714285714285,4.248495242049359,0.606927891721337
210,anymore,1,0.14285714285714285,4.248495242049359,0.606927891721337
210,fine,1,0.14285714285714285,4.248495242049359,0.606927891721337
210,prescriptions,1,0.14285714285714285,4.248495242049359,0.606927891721337
210,tab,1,0.14285714285714285,4.248495242049359,0.606927891721337
210,used,1,0.14285714285714285,4.248495242049359,0.606927891721337
9,sharp,1,0.2,3.0247198104272432,0.6049439620854486
22,sharp,1,0.2,3.0247198104272432,0.6049439620854486
65,sharp,1,0.2,3.0247198104272432,0.6049439620854486
206,sharp,1,0.2,3.0247198104272432,0.6049439620854486
313,reset,2,0.13333333333333333,4.471638793363569,0.5962185057818092
63,leg,1,0.16666666666666666,3.5553480614894135,0.5925580102482355
63,weakness,1,0.16666666666666666,3.5553480614894135,0.5925580102482355
94,recently,1,0.16666666666666666,3.5553480614894135,0.5925580102482355
151,hours,1,0.16666666666666666,3.5553480614894135,0.5925580102482355
151,tingling,1,0.16666666666666666,3.5553480614894135,0.5925580102482355
267,leg,1,0.16666666666666666,3.5553480614894135,0.5925580102482355
267,weakness,1,0.16666666666666666,3.5553480614894135,0.5925580102482355
16,disappeared,1,0.14285714285714285,4.0661736852554045,0.5808819550364863
162,disappeared,1,0.14285714285714285,4.0661736852554045,0.5808819550364863
173,button,1,0.14285714285714285,4.0661736852554045,0.5808819550364863
173,respond,1,0.14285714285714285,4.0661736852554045,0.5808819550364863
185,bending,1,0.14285714285714285,4.0661736852554045,0.5808819550364863
185,clicking,1,0.14285714285714285,4.0661736852554045,0.5808819550364863
185,unstable,1,0.14285714285714285,4.0661736852554045,0.5808819550364863
176,order,1,0.16666666666666666,3.4600378816850887,0.5766729802808481
322,insomnia,1,0.16666666666666666,3.4600378816850887,0.5766729802808481
346,order,1,0.16666666666666666,3.4600378816850887,0.5766729802808481
348,insomnia,1,0.16666666666666666,3.4600378816850887,0.5766729802808481
9,feels,1,0.2,2.8622008809294686,0.5724401761858937
22,feels,1,0.2,2.8622008809294686,0.5724401761858937
65,feels,1,0.2,2.8622008809294686,0.5724401761858937
206,feels,1,0.2,2.8622008809294686,0.5724401761858937
206,fingers,1,0.2,2.8622008809294686,0.5724401761858937
9,chest,1,0.2,2.8134107167600364,0.5626821433520073
121,chest,1,0.2,2.8134107167600364,0.5626821433520073
155,chest,1,0.2,2.8134107167600364,0.5626821433520073
33,daily,1,0.16666666666666666,3.373026504695459,0.5621710841159098
33,life,1,0.16666666666666666,3.373026504695459,0.5621710841159098
56,password,1,0.16666666666666666,3.373026504695459,0.5621710841159098
63,constant,1,0.16666666666666666,3.373026504695459,0.5621710841159098
69,constant,1,0.16666666666666666,3.373026504695459,0.5621710841159098
71,multiple,1,0.16666666666666666,3.373026504695459,0.5621710841159098
112,password,1,0.16666666666666666,3.373026504695459,0.5621710841159098
160,constant,1,0.16666666666666666,3.373026504695459,0.5621710841159098
176,password,1,0.16666666666666666,3.373026504695459,0.5621710841159098
263,constant,1,0.16666666666666666,3.373026504695459,0.5621710841159098
268,password,1,0.16666666666666666,3.373026504695459,0.5621710841159098
308,constant,1,0.16666666666666666,3.373026504695459,0.5621710841159098
323,different,1,0.16666666666666666,3.373026504695459,0.5621710841159098
348,constant,1,0.16666666666666666,3.373026504695459,0.5621710841159098
48,response,1,0.125,4.471638793363569,0.5589548491704461
109,save,1,0.125,4.471638793363569,0.5589548491704461
233,response,1,0.125,4.471638793363569,0.5589548491704461
340,save,1,0.125,4.471638793363569,0.5589548491704461
19,logs,1,0.14285714285714285,3.912023005428146,0.558860429346878
19,randomly,1,0.14285714285714285,3.912023005428146,0.558860429346878
31,logs,1,0.14285714285714285,3.912023005428146,0.558860429346878
31,randomly,1,0.14285714285714285,3.912023005428146,0.558860429346878
70,logs,1,0.14285714285714285,3.912023005428146,0.558860429346878
70,randomly,1,0.14285714285714285,3.912023005428146,0.558860429346878
103,crashing,1,0.14285714285714285,3.912023005428146,0.558860429346878
189,crashing,1,0.14285714285714285,3.912023005428146,0.558860429346878
317,crashing,1,0.14285714285714285,3.912023005428146,0.558860429346878
47,worsening,1,0.16666666666666666,3.2929837970219227,0.5488306328369871
52,worsening,1,0.16666666666666666,3.2929837970219227,0.5488306328369871
71,log,1,0.16666666666666666,3.2929837970219227,0.5488306328369871
94,dizziness,1,0.16666666666666666,3.2929837970219227,0.5488306328369871
114,dizziness,1,0.16666666666666666,3.2929837970219227,0.5488306328369871
160,dizziness,1,0.16666666666666666,3.2929837970219227,0.5488306328369871
160,see,1,0.16666666666666666,3.2929837970219227,0.5488306328369871
160,someone,1,0.16666666666666666,3.2929837970219227,0.5488306328369871
205,dizziness,1,0.16666666666666666,3.2929837970219227,0.5488306328369871
205,persistent,1,0.16666666666666666,3.2929837970219227,0.5488306328369871
263,tightness,1,0.16666666666666666,3.2929837970219227,0.5488306328369871
267,worsening,1,0.16666666666666666,3.2929837970219227,0.5488306328369871
270,worsening,1,0.16666666666666666,3.2929837970219227,0.5488306328369871
323,log,1,0.16666666666666666,3.2929837970219227,0.5488306328369871
348,see,1,0.16666666666666666,3.2929837970219227,0.5488306328369871
348,someone,1,0.16666666666666666,3.2929837970219227,0.5488306328369871
16,device,1,0.14285714285714285,3.7784916128036232,0.5397845161148033
16,use,1,0.14285714285714285,3.7784916128036232,0.5397845161148033
19,despite,1,0.14285714285714285,3.7784916128036232,0.5397845161148033
19,updating,1,0.14285714285714285,3.7784916128036232,0.5397845161148033
31,many,1,0.14285714285714285,3.7784916128036232,0.5397845161148033
31,matter,1,0.14285714285714285,3.7784916128036232,0.5397845161148033
70,device,1,0.14285714285714285,3.7784916128036232,0.5397845161148033
70,use,1,0.14285714285714285,3.7784916128036232,0.5397845161148033
103,many,1,0.14285714285714285,3.7784916128036232,0.5397845161148033
103,matter,1,0.14285714285714285,3.7784916128036232,0.5397845161148033
117,many,1,0.14285714285714285,3.7784916128036232,0.5397845161148033
117,matter,1,0.14285714285714285,3.7784916128036232,0.5397845161148033
161,changes,1,0.14285714285714285,3.7784916128036232,0.5397845161148033
161,profile,1,0.14285714285714285,3.7784916128036232,0.5397845161148033
162,many,1,0.14285714285714285,3.7784916128036232,0.5397845161148033
162,matter,1,0.14285714285714285,3.7784916128036232,0.5397845161148033
189,device,1,0.14285714285714285,3.7784916128036232,0.5397845161148033
189,use,1,0.14285714285714285,3.7784916128036232,0.5397845161148033
297,despite,1,0.14285714285714285,3.7784916128036232,0.5397845161148033
297,updating,1,0.14285714285714285,3.7784916128036232,0.5397845161148033
314,resetting,1,0.14285714285714285,3.7784916128036232,0.5397845161148033
317,despite,1,0.14285714285714285,3.7784916128036232,0.5397845161148033
317,updating,1,0.14285714285714285,3.7784916128036232,0.5397845161148033
334,resetting,1,0.14285714285714285,3.7784916128036232,0.5397845161148033
131,goes,1,0.2,2.6798793241355137,0.5359758648271028
280,back,1,0.2,2.6798793241355137,0.5359758648271028
280,goes,1,0.2,2.6798793241355137,0.5359758648271028
106,affecting,2,0.2222222222222222,2.392197251683733,0.5315993892630517
42,lasts,1,0.125,4.248495242049359,0.5310619052561699
42,sensation,1,0.125,4.248495242049359,0.5310619052561699
102,lasts,1,0.125,4.248495242049359,0.5310619052561699
102,sensation,1,0.125,4.248495242049359,0.5310619052561699
182,4g,1,0.125,4.248495242049359,0.5310619052561699
182,dashboard,1,0.125,4.248495242049359,0.5310619052561699
182,freezes,1,0.125,4.248495242049359,0.5310619052561699
182,instantly,1,0.125,4.248495242049359,0.5310619052561699
182,loads,1,0.125,4.248495242049359,0.5310619052561699
209,4g,1,0.125,4.248495242049359,0.5310619052561699
209,dashboard,1,0.125,4.248495242049359,0.5310619052561699
209,freezes,1,0.125,4.248495242049359,0.5310619052561699
209,instantly,1,0.125,4.248495242049359,0.5310619052561699
209,loads,1,0.125,4.248495242049359,0.5310619052561699
232,issue,1,0.125,4.248495242049359,0.5310619052561699
232,login,1,0.125,4.248495242049359,0.5310619052561699
232,loop,1,0.125,4.248495242049359,0.5310619052561699
232,right,1,0.125,4.248495242049359,0.5310619052561699
232,sign,1,0.125,4.248495242049359,0.5310619052561699
255,around,1,0.125,4.248495242049359,0.5310619052561699
255,lasting,1,0.125,4.248495242049359,0.5310619052561699
255,temples,1,0.125,4.248495242049359,0.5310619052561699
282,evenings,1,0.125,4.248495242049359,0.5310619052561699
282,worsens,1,0.125,4.248495242049359,0.5310619052561699
11,carpal,1,0.1111111111111111,4.75932086581535,0.5288134295350388
11,tunnel,1,0.1111111111111111,4.75932086581535,0.5288134295350388
47,abdominal,1,0.16666666666666666,3.1498829533812494,0.5249804922302082
47,cramps,1,0.16666666666666666,3.1498829533812494,0.5249804922302082
69,numbness,1,0.16666666666666666,3.1498829533812494,0.5249804922302082
74,address,1,0.16666666666666666,3.1498829533812494,0.5249804922302082
268,address,1,0.16666666666666666,3.1498829533812494,0.5249804922302082
270,numbness,1,0.16666666666666666,3.1498829533812494,0.5249804922302082
322,comes,1,0.16666666666666666,3.1498829533812494,0.5249804922302082
34,getting,1,0.14285714285714285,3.66070857714724,0.5229583681638914
101,joint,1,0.14285714285714285,3.66070857714724,0.5229583681638914
101,stiffness,1,0.14285714285714285,3.66070857714724,0.5229583681638914
117,wrong,1,0.14285714285714285,3.66070857714724,0.5229583681638914
180,joint,1,0.14285714285714285,3.66070857714724,0.5229583681638914
180,stiffness,1,0.14285714285714285,3.66070857714724,0.5229583681638914
185,knees,1,0.14285714285714285,3.66070857714724,0.5229583681638914
185,painful,1,0.14285714285714285,3.66070857714724,0.5229583681638914
204,migraine,1,0.14285714285714285,3.66070857714724,0.5229583681638914
224,dull,1,0.14285714285714285,3.66070857714724,0.5229583681638914
226,dull,1,0.14285714285714285,3.66070857714724,0.5229583681638914
272,migraine,1,0.14285714285714285,3.66070857714724,0.5229583681638914
297,wrong,1,0.14285714285714285,3.66070857714724,0.5229583681638914
314,getting,1,0.14285714285714285,3.66070857714724,0.5229583681638914
332,dull,1,0.14285714285714285,3.66070857714724,0.5229583681638914
68,becoming,1,0.16666666666666666,3.0853444322436783,0.514224072040613
74,becoming,1,0.16666666666666666,3.0853444322436783,0.514224072040613
338,becoming,1,0.16666666666666666,3.0853444322436783,0.514224072040613
346,becoming,1,0.16666666666666666,3.0853444322436783,0.514224072040613
28,send,1,0.125,4.0661736852554045,0.5082717106569256
88,fatigue,1,0.125,4.0661736852554045,0.5082717106569256
88,minor,1,0.125,4.0661736852554045,0.5082717106569256
88,setting,1,0.125,4.0661736852554045,0.5082717106569256
88,tasks,1,0.125,4.0661736852554045,0.5082717106569256
88,wiped,1,0.125,4.0661736852554045,0.5082717106569256
178,arriving,1,0.125,4.0661736852554045,0.5082717106569256
178,resending,1,0.125,4.0661736852554045,0.5082717106569256
178,twice,1,0.125,4.0661736852554045,0.5082717106569256
199,contacted,1,0.125,4.0661736852554045,0.5082717106569256
199,disappeared,1,0.125,4.0661736852554045,0.5082717106569256
202,send,1,0.125,4.0661736852554045,0.5082717106569256
215,contacted,1,0.125,4.0661736852554045,0.5082717106569256
247,ability,1,0.125,4.0661736852554045,0.5082717106569256
247,concentrate,1,0.125,4.0661736852554045,0.5082717106569256
264,contacted,1,0.125,4.0661736852554045,0.5082717106569256
288,ability,1,0.125,4.0661736852554045,0.5082717106569256
288,concentrate,1,0.125,4.0661736852554045,0.5082717106569256
305,ability,1,0.125,4.0661736852554045,0.5082717106569256
305,concentrate,1,0.125,4.0661736852554045,0.5082717106569256
327,contacted,1,0.125,4.0661736852554045,0.5082717106569256
24,sleep,1,0.14285714285714285,3.5553480614894135,0.507906865927059
143,recently,1,0.14285714285714285,3.5553480614894135,0.507906865927059
161,won,1,0.14285714285714285,3.5553480614894135,0.507906865927059
164,recently,1,0.14285714285714285,3.5553480614894135,0.507906865927059
175,recently,1,0.14285714285714285,3.5553480614894135,0.507906865927059
224,leg,1,0.14285714285714285,3.5553480614894135,0.507906865927059
224,weakness,1,0.14285714285714285,3.5553480614894135,0.507906865927059
248,recently,1,0.14285714285714285,3.5553480614894135,0.507906865927059
266,leg,1,0.14285714285714285,3.5553480614894135,0.507906865927059
266,weakness,1,0.14285714285714285,3.5553480614894135,0.507906865927059
277,leg,1,0.14285714285714285,3.5553480614894135,0.507906865927059
277,weakness,1,0.14285714285714285,3.5553480614894135,0.507906865927059
349,recently,1,0.14285714285714285,3.5553480614894135,0.507906865927059
119,started,1,0.2,2.5257286443082556,0.5051457288616511
155,started,1,0.2,2.5257286443082556,0.5051457288616511
280,pain,1,0.2,2.5257286443082556,0.5051457288616511
52,going,1,0.16666666666666666,3.0247198104272432,0.5041199684045405
94,going,1,0.16666666666666666,3.0247198104272432,0.5041199684045405
205,going,1,0.16666666666666666,3.0247198104272432,0.5041199684045405
263,going,1,0.16666666666666666,3.0247198104272432,0.5041199684045405
270,going,1,0.16666666666666666,3.0247198104272432,0.5041199684045405
281,going,1,0.16666666666666666,3.0247198104272432,0.5041199684045405
281,sharp,1,0.16666666666666666,3.0247198104272432,0.5041199684045405
308,going,1,0.16666666666666666,3.0247198104272432,0.5041199684045405
322,going,1,0.16666666666666666,3.0247198104272432,0.5041199684045405
240,causing,1,0.2,2.4906373244969853,0.4981274648993971
130,reset,2,0.1111111111111111,4.471638793363569,0.4968487548181743
306,reset,2,0.1111111111111111,4.471638793363569,0.4968487548181743
67,pharmacy,1,0.1111111111111111,4.471638793363569,0.4968487548181743
67,said,1,0.1111111111111111,4.471638793363569,0.4968487548181743
67,yet,1,0.1111111111111111,4.471638793363569,0.4968487548181743
81,morning,1,0.1111111111111111,4.471638793363569,0.4968487548181743
81,radiating,1,0.1111111111111111,4.471638793363569,0.4968487548181743
91,pharmacy,1,0.1111111111111111,4.471638793363569,0.4968487548181743
91,said,1,0.1111111111111111,4.471638793363569,0.4968487548181743
91,yet,1,0.1111111111111111,4.471638793363569,0.4968487548181743
152,response,1,0.1111111111111111,4.471638793363569,0.4968487548181743
231,date,1,0.1111111111111111,4.471638793363569,0.4968487548181743
231,fix,1,0.1111111111111111,4.471638793363569,0.4968487548181743
231,linked,1,0.1111111111111111,4.471638793363569,0.4968487548181743
231,years,1,0.1111111111111111,4.471638793363569,0.4968487548181743
269,date,1,0.1111111111111111,4.471638793363569,0.4968487548181743
269,fix,1,0.1111111111111111,4.471638793363569,0.4968487548181743
269,linked,1,0.1111111111111111,4.471638793363569,0.4968487548181743
269,years,1,0.1111111111111111,4.471638793363569,0.4968487548181743
304,check,1,0.1111111111111111,4.471638793363569,0.4968487548181743
304,settings,1,0.1111111111111111,4.471638793363569,0.4968487548181743
328,date,1,0.1111111111111111,4.471638793363569,0.4968487548181743
328,fix,1,0.1111111111111111,4.471638793363569,0.4968487548181743
328,linked,1,0.1111111111111111,4.471638793363569,0.4968487548181743
328,years,1,0.1111111111111111,4.471638793363569,0.4968487548181743
68,frustrating,1,0.16666666666666666,2.9675613965872945,0.4945935660978824
74,frustrating,1,0.16666666666666666,2.9675613965872945,0.4945935660978824
338,frustrating,1,0.16666666666666666,2.9675613965872945,0.4945935660978824
346,frustrating,1,0.16666666666666666,2.9675613965872945,0.4945935660978824
16,order,1,0.14285714285714285,3.4600378816850887,0.4942911259550127
34,error,1,0.14285714285714285,3.4600378816850887,0.4942911259550127
34,keep,1,0.14285714285714285,3.4600378816850887,0.4942911259550127
34,message,1,0.14285714285714285,3.4600378816850887,0.4942911259550127
162,order,1,0.14285714285714285,3.4600378816850887,0.4942911259550127
173,contact,1,0.14285714285714285,3.4600378816850887,0.4942911259550127
210,showing,1,0.14285714285714285,3.4600378816850887,0.4942911259550127
257,contact,1,0.14285714285714285,3.4600378816850887,0.4942911259550127
314,error,1,0.14285714285714285,3.4600378816850887,0.4942911259550127
314,keep,1,0.14285714285714285,3.4600378816850887,0.4942911259550127
314,message,1,0.14285714285714285,3.4600378816850887,0.4942911259550127
332,insomnia,1,0.14285714285714285,3.4600378816850887,0.4942911259550127
334,contact,1,0.14285714285714285,3.4600378816850887,0.4942911259550127
349,insomnia,1,0.14285714285714285,3.4600378816850887,0.4942911259550127
350,insomnia,1,0.14285714285714285,3.4600378816850887,0.4942911259550127
215,crashing,1,0.125,3.912023005428146,0.48900287567851825
264,logs,1,0.125,3.912023005428146,0.48900287567851825
264,randomly,1,0.125,3.912023005428146,0.48900287567851825
176,prescription,1,0.16666666666666666,2.913494175317019,0.4855823625528365
346,prescription,1,0.16666666666666666,2.913494175317019,0.4855823625528365
16,different,1,0.14285714285714285,3.373026504695459,0.4818609292422084
19,multiple,1,0.14285714285714285,3.373026504695459,0.4818609292422084
51,constant,1,0.14285714285714285,3.373026504695459,0.4818609292422084
70,different,1,0.14285714285714285,3.373026504695459,0.4818609292422084
125,constant,1,0.14285714285714285,3.373026504695459,0.4818609292422084
185,sometimes,1,0.14285714285714285,3.373026504695459,0.4818609292422084
189,different,1,0.14285714285714285,3.373026504695459,0.4818609292422084
204,gets,1,0.14285714285714285,3.373026504695459,0.4818609292422084
297,multiple,1,0.14285714285714285,3.373026504695459,0.4818609292422084
314,password,1,0.14285714285714285,3.373026504695459,0.4818609292422084
317,multiple,1,0.14285714285714285,3.373026504695459,0.4818609292422084
334,password,1,0.14285714285714285,3.373026504695459,0.4818609292422084
350,daily,1,0.14285714285714285,3.373026504695459,0.4818609292422084
350,life,1,0.14285714285714285,3.373026504695459,0.4818609292422084
240,sure,1,0.2,2.392197251683733,0.4784394503367466
329,affecting,1,0.2,2.392197251683733,0.4784394503367466
68,keeps,1,0.16666666666666666,2.8622008809294686,0.4770334801549114
69,fingers,1,0.16666666666666666,2.8622008809294686,0.4770334801549114
71,times,1,0.16666666666666666,2.8622008809294686,0.4770334801549114
112,keeps,1,0.16666666666666666,2.8622008809294686,0.4770334801549114
151,fingers,1,0.16666666666666666,2.8622008809294686,0.4770334801549114
270,fingers,1,0.16666666666666666,2.8622008809294686,0.4770334801549114
281,feels,1,0.16666666666666666,2.8622008809294686,0.4770334801549114
26,despite,1,0.125,3.7784916128036232,0.4723114516004529
26,updating,1,0.125,3.7784916128036232,0.4723114516004529
28,resetting,1,0.125,3.7784916128036232,0.4723114516004529
48,many,1,0.125,3.7784916128036232,0.4723114516004529
48,matter,1,0.125,3.7784916128036232,0.4723114516004529
109,changes,1,0.125,3.7784916128036232,0.4723114516004529
109,many,1,0.125,3.7784916128036232,0.4723114516004529
109,matter,1,0.125,3.7784916128036232,0.4723114516004529
109,profile,1,0.125,3.7784916128036232,0.4723114516004529
115,device,1,0.125,3.7784916128036232,0.4723114516004529
115,use,1,0.125,3.7784916128036232,0.4723114516004529
172,many,1,0.125,3.7784916128036232,0.4723114516004529
172,matter,1,0.125,3.7784916128036232,0.4723114516004529
233,despite,1,0.125,3.7784916128036232,0.4723114516004529
233,updating,1,0.125,3.7784916128036232,0.4723114516004529
236,despite,1,0.125,3.7784916128036232,0.4723114516004529
236,updating,1,0.125,3.7784916128036232,0.4723114516004529
255,frequent,1,0.125,3.7784916128036232,0.4723114516004529
282,standing,1,0.125,3.7784916128036232,0.4723114516004529
339,device,1,0.125,3.7784916128036232,0.4723114516004529
339,use,1,0.125,3.7784916128036232,0.4723114516004529
340,changes,1,0.125,3.7784916128036232,0.4723114516004529
340,device,1,0.125,3.7784916128036232,0.4723114516004529
340,profile,1,0.125,3.7784916128036232,0.4723114516004529
340,use,1,0.125,3.7784916128036232,0.4723114516004529
82,explanation,1,0.1111111111111111,4.248495242049359,0.47205502689437323
82,gave,1,0.1111111111111111,4.248495242049359,0.47205502689437323
86,lasts,1,0.1111111111111111,4.248495242049359,0.47205502689437323
86,sensation,1,0.1111111111111111,4.248495242049359,0.47205502689437323
98,anymore,1,0.1111111111111111,4.248495242049359,0.47205502689437323
98,fine,1,0.1111111111111111,4.248495242049359,0.47205502689437323
98,prescriptions,1,0.1111111111111111,4.248495242049359,0.47205502689437323
98,tab,1,0.1111111111111111,4.248495242049359,0.47205502689437323
98,used,1,0.1111111111111111,4.248495242049359,0.47205502689437323
150,come,1,0.1111111111111111,4.248495242049359,0.47205502689437323
150,disturbed,1,0.1111111111111111,4.248495242049359,0.47205502689437323
150,due,1,0.1111111111111111,4.248495242049359,0.47205502689437323
150,go,1,0.1111111111111111,4.248495242049359,0.47205502689437323
174,filling,1,0.1111111111111111,4.248495242049359,0.47205502689437323
174,incredibly,1,0.1111111111111111,4.248495242049359,0.47205502689437323
174,middle,1,0.1111111111111111,4.248495242049359,0.47205502689437323
174,minutes,1,0.1111111111111111,4.248495242049359,0.47205502689437323
174,site,1,0.1111111111111111,4.248495242049359,0.47205502689437323
184,anymore,1,0.1111111111111111,4.248495242049359,0.47205502689437323
184,fine,1,0.1111111111111111,4.248495242049359,0.47205502689437323
184,prescriptions,1,0.1111111111111111,4.248495242049359,0.47205502689437323
184,tab,1,0.1111111111111111,4.248495242049359,0.47205502689437323
184,used,1,0.1111111111111111,4.248495242049359,0.47205502689437323
208,come,1,0.1111111111111111,4.248495242049359,0.47205502689437323
208,disturbed,1,0.1111111111111111,4.248495242049359,0.47205502689437323
208,due,1,0.1111111111111111,4.248495242049359,0.47205502689437323
208,go,1,0.1111111111111111,4.248495242049359,0.47205502689437323
222,anymore,1,0.1111111111111111,4.248495242049359,0.47205502689437323
222,fine,1,0.1111111111111111,4.248495242049359,0.47205502689437323
222,prescriptions,1,0.1111111111111111,4.248495242049359,0.47205502689437323
222,tab,1,0.1111111111111111,4.248495242049359,0.47205502689437323
222,used,1,0.1111111111111111,4.248495242049359,0.47205502689437323
239,4g,1,0.1111111111111111,4.248495242049359,0.47205502689437323
239,dashboard,1,0.1111111111111111,4.248495242049359,0.47205502689437323
239,freezes,1,0.1111111111111111,4.248495242049359,0.47205502689437323
239,instantly,1,0.1111111111111111,4.248495242049359,0.47205502689437323
239,loads,1,0.1111111111111111,4.248495242049359,0.47205502689437323
15,worsening,1,0.14285714285714285,3.2929837970219227,0.4704262567174175
101,worsening,1,0.14285714285714285,3.2929837970219227,0.4704262567174175
108,dizziness,1,0.14285714285714285,3.2929837970219227,0.4704262567174175
108,worsening,1,0.14285714285714285,3.2929837970219227,0.4704262567174175
125,see,1,0.14285714285714285,3.2929837970219227,0.4704262567174175
125,someone,1,0.14285714285714285,3.2929837970219227,0.4704262567174175
164,tightness,1,0.14285714285714285,3.2929837970219227,0.4704262567174175
168,see,1,0.14285714285714285,3.2929837970219227,0.4704262567174175
168,someone,1,0.14285714285714285,3.2929837970219227,0.4704262567174175
168,tightness,1,0.14285714285714285,3.2929837970219227,0.4704262567174175
168,worsening,1,0.14285714285714285,3.2929837970219227,0.4704262567174175
175,tightness,1,0.14285714285714285,3.2929837970219227,0.4704262567174175
224,persistent,1,0.14285714285714285,3.2929837970219227,0.4704262567174175
226,persistent,1,0.14285714285714285,3.2929837970219227,0.4704262567174175
272,see,1,0.14285714285714285,3.2929837970219227,0.4704262567174175
272,someone,1,0.14285714285714285,3.2929837970219227,0.4704262567174175
277,see,1,0.14285714285714285,3.2929837970219227,0.4704262567174175
277,someone,1,0.14285714285714285,3.2929837970219227,0.4704262567174175
277,worsening,1,0.14285714285714285,3.2929837970219227,0.4704262567174175
332,persistent,1,0.14285714285714285,3.2929837970219227,0.4704262567174175
349,see,1,0.14285714285714285,3.2929837970219227,0.4704262567174175
349,someone,1,0.14285714285714285,3.2929837970219227,0.4704262567174175
250,afternoon,1,0.09090909090909091,5.1647859739235145,0.46952599762941044
250,bloated,1,0.09090909090909091,5.1647859739235145,0.46952599762941044
250,gassy,1,0.09090909090909091,5.1647859739235145,0.46952599762941044
250,meal,1,0.09090909090909091,5.1647859739235145,0.46952599762941044
250,stomach,1,0.09090909090909091,5.1647859739235145,0.46952599762941044
74,still,1,0.16666666666666666,2.8134107167600364,0.4689017861266727
263,chest,1,0.16666666666666666,2.8134107167600364,0.4689017861266727
268,still,1,0.16666666666666666,2.8134107167600364,0.4689017861266727
59,discomfort,1,0.14285714285714285,3.2188758248682006,0.45983940355260006
59,shoulder,1,0.14285714285714285,3.2188758248682006,0.45983940355260006
110,discomfort,1,0.14285714285714285,3.2188758248682006,0.45983940355260006
110,shoulder,1,0.14285714285714285,3.2188758248682006,0.45983940355260006
226,discomfort,1,0.14285714285714285,3.2188758248682006,0.45983940355260006
226,shoulder,1,0.14285714285714285,3.2188758248682006,0.45983940355260006
248,discomfort,1,0.14285714285714285,3.2188758248682006,0.45983940355260006
248,shoulder,1,0.14285714285714285,3.2188758248682006,0.45983940355260006
6,dull,1,0.125,3.66070857714724,0.457588572143405
6,migraine,1,0.125,3.66070857714724,0.457588572143405
26,getting,1,0.125,3.66070857714724,0.457588572143405
48,request,1,0.125,3.66070857714724,0.457588572143405
79,dull,1,0.125,3.66070857714724,0.457588572143405
88,chronic,1,0.125,3.66070857714724,0.457588572143405
157,dull,1,0.125,3.66070857714724,0.457588572143405
172,getting,1,0.125,3.66070857714724,0.457588572143405
182,happens,1,0.125,3.66070857714724,0.457588572143405
209,happens,1,0.125,3.66070857714724,0.457588572143405
232,asking,1,0.125,3.66070857714724,0.457588572143405
233,request,1,0.125,3.66070857714724,0.457588572143405
282,walking,1,0.125,3.66070857714724,0.457588572143405
327,wrong,1,0.125,3.66070857714724,0.457588572143405
339,getting,1,0.125,3.66070857714724,0.457588572143405
52,weeks,1,0.16666666666666666,2.7224389385543097,0.4537398230923849
94,weeks,1,0.16666666666666666,2.7224389385543097,0.4537398230923849
205,weeks,1,0.16666666666666666,2.7224389385543097,0.4537398230923849
263,weeks,1,0.16666666666666666,2.7224389385543097,0.4537398230923849
270,weeks,1,0.16666666666666666,2.7224389385543097,0.4537398230923849
281,weeks,1,0.16666666666666666,2.7224389385543097,0.4537398230923849
308,weeks,1,0.16666666666666666,2.7224389385543097,0.4537398230923849
322,weeks,1,0.16666666666666666,2.7224389385543097,0.4537398230923849
38,send,1,0.1111111111111111,4.0661736852554045,0.4517970761394894
106,ability,1,0.1111111111111111,4.0661736852554045,0.4517970761394894
106,concentrate,1,0.1111111111111111,4.0661736852554045,0.4517970761394894
111,button,1,0.1111111111111111,4.0661736852554045,0.4517970761394894
111,respond,1,0.1111111111111111,4.0661736852554045,0.4517970761394894
127,bending,1,0.1111111111111111,4.0661736852554045,0.4517970761394894
127,clicking,1,0.1111111111111111,4.0661736852554045,0.4517970761394894
127,unstable,1,0.1111111111111111,4.0661736852554045,0.4517970761394894
152,contacted,1,0.1111111111111111,4.0661736852554045,0.4517970761394894
159,send,1,0.1111111111111111,4.0661736852554045,0.4517970761394894
198,contacted,1,0.1111111111111111,4.0661736852554045,0.4517970761394894
203,send,1,0.1111111111111111,4.0661736852554045,0.4517970761394894
227,bending,1,0.1111111111111111,4.0661736852554045,0.4517970761394894
227,clicking,1,0.1111111111111111,4.0661736852554045,0.4517970761394894
227,unstable,1,0.1111111111111111,4.0661736852554045,0.4517970761394894
229,button,1,0.1111111111111111,4.0661736852554045,0.4517970761394894
229,respond,1,0.1111111111111111,4.0661736852554045,0.4517970761394894
253,button,1,0.1111111111111111,4.0661736852554045,0.4517970761394894
253,respond,1,0.1111111111111111,4.0661736852554045,0.4517970761394894
320,bending,1,0.1111111111111111,4.0661736852554045,0.4517970761394894
320,clicking,1,0.1111111111111111,4.0661736852554045,0.4517970761394894
320,unstable,1,0.1111111111111111,4.0661736852554045,0.4517970761394894
15,numbness,1,0.14285714285714285,3.1498829533812494,0.44998327905446417
24,abdominal,1,0.14285714285714285,3.1498829533812494,0.44998327905446417
24,cramps,1,0.14285714285714285,3.1498829533812494,0.44998327905446417
51,numbness,1,0.14285714285714285,3.1498829533812494,0.44998327905446417
110,comes,1,0.14285714285714285,3.1498829533812494,0.44998327905446417
117,address,1,0.14285714285714285,3.1498829533812494,0.44998327905446417
173,update,1,0.14285714285714285,3.1498829533812494,0.44998327905446417
252,comes,1,0.14285714285714285,3.1498829533812494,0.44998327905446417
257,update,1,0.14285714285714285,3.1498829533812494,0.44998327905446417
266,comes,1,0.14285714285714285,3.1498829533812494,0.44998327905446417
272,comes,1,0.14285714285714285,3.1498829533812494,0.44998327905446417
297,address,1,0.14285714285714285,3.1498829533812494,0.44998327905446417
334,update,1,0.14285714285714285,3.1498829533812494,0.44998327905446417
32,developed,1,0.1,4.471638793363569,0.44716387933635693
32,exertion,1,0.1,4.471638793363569,0.44716387933635693
32,pressure,1,0.1,4.471638793363569,0.44716387933635693
57,developed,1,0.1,4.471638793363569,0.44716387933635693
57,exertion,1,0.1,4.471638793363569,0.44716387933635693
57,pressure,1,0.1,4.471638793363569,0.44716387933635693
200,gone,1,0.1,4.471638793363569,0.44716387933635693
200,list,1,0.1,4.471638793363569,0.44716387933635693
200,meds,1,0.1,4.471638793363569,0.44716387933635693
200,missing,1,0.1,4.471638793363569,0.44716387933635693
200,reorder,1,0.1,4.471638793363569,0.44716387933635693
301,pharmacy,1,0.1,4.471638793363569,0.44716387933635693
301,said,1,0.1,4.471638793363569,0.44716387933635693
301,yet,1,0.1,4.471638793363569,0.44716387933635693
33,back,1,0.16666666666666666,2.6798793241355137,0.4466465540225856
52,back,1,0.16666666666666666,2.6798793241355137,0.4466465540225856
322,goes,1,0.16666666666666666,2.6798793241355137,0.4466465540225856
28,won,1,0.125,3.5553480614894135,0.4444185076861767
42,hours,1,0.125,3.5553480614894135,0.4444185076861767
42,tingling,1,0.125,3.5553480614894135,0.4444185076861767
79,leg,1,0.125,3.5553480614894135,0.4444185076861767
79,weakness,1,0.125,3.5553480614894135,0.4444185076861767
102,hours,1,0.125,3.5553480614894135,0.4444185076861767
102,tingling,1,0.125,3.5553480614894135,0.4444185076861767
109,won,1,0.125,3.5553480614894135,0.4444185076861767
202,won,1,0.125,3.5553480614894135,0.4444185076861767
255,headaches,1,0.125,3.5553480614894135,0.4444185076861767
255,hours,1,0.125,3.5553480614894135,0.4444185076861767
255,mostly,1,0.125,3.5553480614894135,0.4444185076861767
340,won,1,0.125,3.5553480614894135,0.4444185076861767
34,becoming,1,0.14285714285714285,3.0853444322436783,0.4407634903205254
161,becoming,1,0.14285714285714285,3.0853444322436783,0.4407634903205254
257,becoming,1,0.14285714285714285,3.0853444322436783,0.4407634903205254
11,long,1,0.1111111111111111,3.912023005428146,0.43466922282534953
138,can,1,0.2,2.169053700369523,0.43381074007390463
318,carpal,1,0.09090909090909091,4.75932086581535,0.4326655332559409
318,tunnel,1,0.09090909090909091,4.75932086581535,0.4326655332559409
26,error,1,0.125,3.4600378816850887,0.4325047352106361
26,keep,1,0.125,3.4600378816850887,0.4325047352106361
26,message,1,0.125,3.4600378816850887,0.4325047352106361
115,contact,1,0.125,3.4600378816850887,0.4325047352106361
124,insomnia,1,0.125,3.4600378816850887,0.4325047352106361
172,error,1,0.125,3.4600378816850887,0.4325047352106361
172,keep,1,0.125,3.4600378816850887,0.4325047352106361
172,message,1,0.125,3.4600378816850887,0.4325047352106361
199,order,1,0.125,3.4600378816850887,0.4325047352106361
236,contact,1,0.125,3.4600378816850887,0.4325047352106361
339,error,1,0.125,3.4600378816850887,0.4325047352106361
339,keep,1,0.125,3.4600378816850887,0.4325047352106361
339,message,1,0.125,3.4600378816850887,0.4325047352106361
59,going,1,0.14285714285714285,3.0247198104272432,0.4321028300610347
59,sharp,1,0.14285714285714285,3.0247198104272432,0.4321028300610347
164,going,1,0.14285714285714285,3.0247198104272432,0.4321028300610347
180,sharp,1,0.14285714285714285,3.0247198104272432,0.4321028300610347
185,feel,1,0.14285714285714285,3.0247198104272432,0.4321028300610347
204,going,1,0.14285714285714285,3.0247198104272432,0.4321028300610347
204,night,1,0.14285714285714285,3.0247198104272432,0.4321028300610347
224,going,1,0.14285714285714285,3.0247198104272432,0.4321028300610347
226,going,1,0.14285714285714285,3.0247198104272432,0.4321028300610347
21,issue,1,0.1,4.248495242049359,0.42484952420493594
21,login,1,0.1,4.248495242049359,0.42484952420493594
21,loop,1,0.1,4.248495242049359,0.42484952420493594
21,right,1,0.1,4.248495242049359,0.42484952420493594
21,sign,1,0.1,4.248495242049359,0.42484952420493594
126,around,1,0.1,4.248495242049359,0.42484952420493594
126,lasting,1,0.1,4.248495242049359,0.42484952420493594
126,temples,1,0.1,4.248495242049359,0.42484952420493594
166,evenings,1,0.1,4.248495242049359,0.42484952420493594
166,worsens,1,0.1,4.248495242049359,0.42484952420493594
171,come,1,0.1,4.248495242049359,0.42484952420493594
171,disturbed,1,0.1,4.248495242049359,0.42484952420493594
171,due,1,0.1,4.248495242049359,0.42484952420493594
171,go,1,0.1,4.248495242049359,0.42484952420493594
213,issue,1,0.1,4.248495242049359,0.42484952420493594
213,login,1,0.1,4.248495242049359,0.42484952420493594
213,loop,1,0.1,4.248495242049359,0.42484952420493594
213,right,1,0.1,4.248495242049359,0.42484952420493594
213,sign,1,0.1,4.248495242049359,0.42484952420493594
241,attached,1,0.1,4.248495242049359,0.42484952420493594
241,landscape,1,0.1,4.248495242049359,0.42484952420493594
241,mode,1,0.1,4.248495242049359,0.42484952420493594
241,problem,1,0.1,4.248495242049359,0.42484952420493594
241,tablet,1,0.1,4.248495242049359,0.42484952420493594
249,evenings,1,0.1,4.248495242049359,0.42484952420493594
249,worsens,1,0.1,4.248495242049359,0.42484952420493594
251,around,1,0.1,4.248495242049359,0.42484952420493594
251,lasting,1,0.1,4.248495242049359,0.42484952420493594
251,temples,1,0.1,4.248495242049359,0.42484952420493594
254,lasts,1,0.1,4.248495242049359,0.42484952420493594
254,sensation,1,0.1,4.248495242049359,0.42484952420493594
299,issue,1,0.1,4.248495242049359,0.42484952420493594
299,login,1,0.1,4.248495242049359,0.42484952420493594
299,loop,1,0.1,4.248495242049359,0.42484952420493594
299,right,1,0.1,4.248495242049359,0.42484952420493594
299,sign,1,0.1,4.248495242049359,0.42484952420493594
319,4g,1,0.1,4.248495242049359,0.42484952420493594
319,dashboard,1,0.1,4.248495242049359,0.42484952420493594
319,freezes,1,0.1,4.248495242049359,0.42484952420493594
319,instantly,1,0.1,4.248495242049359,0.42484952420493594
319,loads,1,0.1,4.248495242049359,0.42484952420493594
330,around,1,0.1,4.248495242049359,0.42484952420493594
330,lasting,1,0.1,4.248495242049359,0.42484952420493594
330,temples,1,0.1,4.248495242049359,0.42484952420493594
34,frustrating,1,0.14285714285714285,2.9675613965872945,0.42393734236961345
161,frustrating,1,0.14285714285714285,2.9675613965872945,0.42393734236961345
257,frustrating,1,0.14285714285714285,2.9675613965872945,0.42393734236961345
26,multiple,1,0.125,3.373026504695459,0.4216283130869324
28,password,1,0.125,3.373026504695459,0.4216283130869324
115,different,1,0.125,3.373026504695459,0.4216283130869324
118,gets,1,0.125,3.373026504695459,0.4216283130869324
124,gets,1,0.125,3.373026504695459,0.4216283130869324
147,gets,1,0.125,3.373026504695459,0.4216283130869324
148,constant,1,0.125,3.373026504695459,0.4216283130869324
178,though,1,0.125,3.373026504695459,0.4216283130869324
183,constant,1,0.125,3.373026504695459,0.4216283130869324
199,though,1,0.125,3.373026504695459,0.4216283130869324
215,though,1,0.125,3.373026504695459,0.4216283130869324
218,gets,1,0.125,3.373026504695459,0.4216283130869324
233,multiple,1,0.125,3.373026504695459,0.4216283130869324
235,gets,1,0.125,3.373026504695459,0.4216283130869324
236,multiple,1,0.125,3.373026504695459,0.4216283130869324
259,daily,1,0.125,3.373026504695459,0.4216283130869324
259,life,1,0.125,3.373026504695459,0.4216283130869324
264,though,1,0.125,3.373026504695459,0.4216283130869324
316,constant,1,0.125,3.373026504695459,0.4216283130869324
327,though,1,0.125,3.373026504695459,0.4216283130869324
339,different,1,0.125,3.373026504695459,0.4216283130869324
340,different,1,0.125,3.373026504695459,0.4216283130869324
33,pain,1,0.16666666666666666,2.5257286443082556,0.42095477405137594
52,pain,1,0.16666666666666666,2.5257286443082556,0.42095477405137594
94,started,1,0.16666666666666666,2.5257286443082556,0.42095477405137594
114,started,1,0.16666666666666666,2.5257286443082556,0.42095477405137594
151,time,1,0.16666666666666666,2.5257286443082556,0.42095477405137594
11,keyboard,1,0.1111111111111111,3.7784916128036232,0.4198324014226248
38,device,1,0.1111111111111111,3.7784916128036232,0.4198324014226248
38,use,1,0.1111111111111111,3.7784916128036232,0.4198324014226248
67,sent,1,0.1111111111111111,3.7784916128036232,0.4198324014226248
82,change,1,0.1111111111111111,3.7784916128036232,0.4198324014226248
91,sent,1,0.1111111111111111,3.7784916128036232,0.4198324014226248
159,many,1,0.1111111111111111,3.7784916128036232,0.4198324014226248
159,matter,1,0.1111111111111111,3.7784916128036232,0.4198324014226248
203,despite,1,0.1111111111111111,3.7784916128036232,0.4198324014226248
203,updating,1,0.1111111111111111,3.7784916128036232,0.4198324014226248
304,profile,1,0.1111111111111111,3.7784916128036232,0.4198324014226248
16,prescription,1,0.14285714285714285,2.913494175317019,0.416213453616717
108,finding,1,0.14285714285714285,2.913494175317019,0.416213453616717
108,manage,1,0.14285714285714285,2.913494175317019,0.416213453616717
162,prescription,1,0.14285714285714285,2.913494175317019,0.416213453616717
47,causing,1,0.16666666666666666,2.4906373244969853,0.41510622074949755
63,causing,1,0.16666666666666666,2.4906373244969853,0.41510622074949755
68,really,1,0.16666666666666666,2.4906373244969853,0.41510622074949755
69,causing,1,0.16666666666666666,2.4906373244969853,0.41510622074949755
74,really,1,0.16666666666666666,2.4906373244969853,0.41510622074949755
267,causing,1,0.16666666666666666,2.4906373244969853,0.41510622074949755
338,really,1,0.16666666666666666,2.4906373244969853,0.41510622074949755
346,really,1,0.16666666666666666,2.4906373244969853,0.41510622074949755
138,even,1,0.2,2.073743520565198,0.4147487041130396
6,persistent,1,0.125,3.2929837970219227,0.41162297462774033
79,persistent,1,0.125,3.2929837970219227,0.41162297462774033
79,see,1,0.125,3.2929837970219227,0.41162297462774033
79,someone,1,0.125,3.2929837970219227,0.41162297462774033
92,tightness,1,0.125,3.2929837970219227,0.41162297462774033
104,see,1,0.125,3.2929837970219227,0.41162297462774033
104,someone,1,0.125,3.2929837970219227,0.41162297462774033
157,persistent,1,0.125,3.2929837970219227,0.41162297462774033
190,see,1,0.125,3.2929837970219227,0.41162297462774033
190,someone,1,0.125,3.2929837970219227,0.41162297462774033
218,tightness,1,0.125,3.2929837970219227,0.41162297462774033
237,worsening,1,0.125,3.2929837970219227,0.41162297462774033
247,dizziness,1,0.125,3.2929837970219227,0.41162297462774033
274,see,1,0.125,3.2929837970219227,0.41162297462774033
274,someone,1,0.125,3.2929837970219227,0.41162297462774033
274,tightness,1,0.125,3.2929837970219227,0.41162297462774033
288,dizziness,1,0.125,3.2929837970219227,0.41162297462774033
305,dizziness,1,0.125,3.2929837970219227,0.41162297462774033
315,see,1,0.125,3.2929837970219227,0.41162297462774033
315,someone,1,0.125,3.2929837970219227,0.41162297462774033
15,fingers,1,0.14285714285714285,2.8622008809294686,0.4088858401327812
19,times,1,0.14285714285714285,2.8622008809294686,0.4088858401327812
31,times,1,0.14285714285714285,2.8622008809294686,0.4088858401327812
51,fingers,1,0.14285714285714285,2.8622008809294686,0.4088858401327812
59,feels,1,0.14285714285714285,2.8622008809294686,0.4088858401327812
103,keeps,1,0.14285714285714285,2.8622008809294686,0.4088858401327812
103,times,1,0.14285714285714285,2.8622008809294686,0.4088858401327812
117,times,1,0.14285714285714285,2.8622008809294686,0.4088858401327812
162,times,1,0.14285714285714285,2.8622008809294686,0.4088858401327812
173,details,1,0.14285714285714285,2.8622008809294686,0.4088858401327812
173,just,1,0.14285714285714285,2.8622008809294686,0.4088858401327812
180,feels,1,0.14285714285714285,2.8622008809294686,0.4088858401327812
189,keeps,1,0.14285714285714285,2.8622008809294686,0.4088858401327812
257,details,1,0.14285714285714285,2.8622008809294686,0.4088858401327812
297,times,1,0.14285714285714285,2.8622008809294686,0.4088858401327812
317,keeps,1,0.14285714285714285,2.8622008809294686,0.4088858401327812
317,times,1,0.14285714285714285,2.8622008809294686,0.4088858401327812
334,details,1,0.14285714285714285,2.8622008809294686,0.4088858401327812
11,getting,1,0.1111111111111111,3.66070857714724,0.4067453974608044
29,dull,1,0.1111111111111111,3.66070857714724,0.4067453974608044
67,received,1,0.1111111111111111,3.66070857714724,0.4067453974608044
76,joint,1,0.1111111111111111,3.66070857714724,0.4067453974608044
76,stiffness,1,0.1111111111111111,3.66070857714724,0.4067453974608044
80,joint,1,0.1111111111111111,3.66070857714724,0.4067453974608044
80,stiffness,1,0.1111111111111111,3.66070857714724,0.4067453974608044
81,arm,1,0.1111111111111111,3.66070857714724,0.4067453974608044
82,code,1,0.1111111111111111,3.66070857714724,0.4067453974608044
91,received,1,0.1111111111111111,3.66070857714724,0.4067453974608044
127,knees,1,0.1111111111111111,3.66070857714724,0.4067453974608044
127,painful,1,0.1111111111111111,3.66070857714724,0.4067453974608044
152,request,1,0.1111111111111111,3.66070857714724,0.4067453974608044
212,migraine,1,0.1111111111111111,3.66070857714724,0.4067453974608044
227,knees,1,0.1111111111111111,3.66070857714724,0.4067453974608044
227,painful,1,0.1111111111111111,3.66070857714724,0.4067453974608044
239,happens,1,0.1111111111111111,3.66070857714724,0.4067453974608044
278,joint,1,0.1111111111111111,3.66070857714724,0.4067453974608044
278,stiffness,1,0.1111111111111111,3.66070857714724,0.4067453974608044
304,shows,1,0.1111111111111111,3.66070857714724,0.4067453974608044
320,knees,1,0.1111111111111111,3.66070857714724,0.4067453974608044
320,painful,1,0.1111111111111111,3.66070857714724,0.4067453974608044
5,arriving,1,0.1,4.0661736852554045,0.4066173685255405
5,resending,1,0.1,4.0661736852554045,0.4066173685255405
5,twice,1,0.1,4.0661736852554045,0.4066173685255405
39,fatigue,1,0.1,4.0661736852554045,0.4066173685255405
39,minor,1,0.1,4.0661736852554045,0.4066173685255405
39,setting,1,0.1,4.0661736852554045,0.4066173685255405
39,tasks,1,0.1,4.0661736852554045,0.4066173685255405
39,wiped,1,0.1,4.0661736852554045,0.4066173685255405
89,button,1,0.1,4.0661736852554045,0.4066173685255405
89,respond,1,0.1,4.0661736852554045,0.4066173685255405
95,arriving,1,0.1,4.0661736852554045,0.4066173685255405
95,resending,1,0.1,4.0661736852554045,0.4066173685255405
95,twice,1,0.1,4.0661736852554045,0.4066173685255405
145,fatigue,1,0.1,4.0661736852554045,0.4066173685255405
145,minor,1,0.1,4.0661736852554045,0.4066173685255405
145,setting,1,0.1,4.0661736852554045,0.4066173685255405
145,tasks,1,0.1,4.0661736852554045,0.4066173685255405
145,wiped,1,0.1,4.0661736852554045,0.4066173685255405
260,ability,1,0.1,4.0661736852554045,0.4066173685255405
260,concentrate,1,0.1,4.0661736852554045,0.4066173685255405
287,bending,1,0.1,4.0661736852554045,0.4066173685255405
287,clicking,1,0.1,4.0661736852554045,0.4066173685255405
287,unstable,1,0.1,4.0661736852554045,0.4066173685255405
307,arriving,1,0.1,4.0661736852554045,0.4066173685255405
307,resending,1,0.1,4.0661736852554045,0.4066173685255405
307,twice,1,0.1,4.0661736852554045,0.4066173685255405
325,asap,1,0.1,4.0661736852554045,0.4066173685255405
325,requested,1,0.1,4.0661736852554045,0.4066173685255405
325,since,1,0.1,4.0661736852554045,0.4066173685255405
325,updates,1,0.1,4.0661736852554045,0.4066173685255405
345,fatigue,1,0.1,4.0661736852554045,0.4066173685255405
345,minor,1,0.1,4.0661736852554045,0.4066173685255405
345,setting,1,0.1,4.0661736852554045,0.4066173685255405
345,tasks,1,0.1,4.0661736852554045,0.4066173685255405
345,wiped,1,0.1,4.0661736852554045,0.4066173685255405
43,developed,1,0.09090909090909091,4.471638793363569,0.40651261757850626
43,exertion,1,0.09090909090909091,4.471638793363569,0.40651261757850626
43,pressure,1,0.09090909090909091,4.471638793363569,0.40651261757850626
62,morning,1,0.09090909090909091,4.471638793363569,0.40651261757850626
62,radiating,1,0.09090909090909091,4.471638793363569,0.40651261757850626
234,pharmacy,1,0.09090909090909091,4.471638793363569,0.40651261757850626
234,said,1,0.09090909090909091,4.471638793363569,0.40651261757850626
234,yet,1,0.09090909090909091,4.471638793363569,0.40651261757850626
286,date,1,0.09090909090909091,4.471638793363569,0.40651261757850626
286,fix,1,0.09090909090909091,4.471638793363569,0.40651261757850626
286,linked,1,0.09090909090909091,4.471638793363569,0.40651261757850626
286,years,1,0.09090909090909091,4.471638793363569,0.40651261757850626
294,check,1,0.09090909090909091,4.471638793363569,0.40651261757850626
294,settings,1,0.09090909090909091,4.471638793363569,0.40651261757850626
335,morning,1,0.09090909090909091,4.471638793363569,0.40651261757850626
335,radiating,1,0.09090909090909091,4.471638793363569,0.40651261757850626
157,discomfort,1,0.125,3.2188758248682006,0.40235947810852507
157,shoulder,1,0.125,3.2188758248682006,0.40235947810852507
190,discomfort,1,0.125,3.2188758248682006,0.40235947810852507
190,shoulder,1,0.125,3.2188758248682006,0.40235947810852507
315,discomfort,1,0.125,3.2188758248682006,0.40235947810852507
315,shoulder,1,0.125,3.2188758248682006,0.40235947810852507
316,discomfort,1,0.125,3.2188758248682006,0.40235947810852507
316,shoulder,1,0.125,3.2188758248682006,0.40235947810852507
133,day,2,0.14285714285714285,2.8134107167600364,0.4019158166800052
300,day,2,0.14285714285714285,2.8134107167600364,0.4019158166800052
117,still,1,0.14285714285714285,2.8134107167600364,0.4019158166800052
164,chest,1,0.14285714285714285,2.8134107167600364,0.4019158166800052
168,chest,1,0.14285714285714285,2.8134107167600364,0.4019158166800052
175,chest,1,0.14285714285714285,2.8134107167600364,0.4019158166800052
204,worse,1,0.14285714285714285,2.8134107167600364,0.4019158166800052
297,still,1,0.14285714285714285,2.8134107167600364,0.4019158166800052
33,affecting,1,0.16666666666666666,2.392197251683733,0.3986995419472888
47,sure,1,0.16666666666666666,2.392197251683733,0.3986995419472888
63,sure,1,0.16666666666666666,2.392197251683733,0.3986995419472888
69,sure,1,0.16666666666666666,2.392197251683733,0.3986995419472888
114,affecting,1,0.16666666666666666,2.392197251683733,0.3986995419472888
160,wondering,1,0.16666666666666666,2.392197251683733,0.3986995419472888
267,sure,1,0.16666666666666666,2.392197251683733,0.3986995419472888
348,wondering,1,0.16666666666666666,2.392197251683733,0.3986995419472888
61,afternoon,1,0.07692307692307693,5.1647859739235145,0.39729122876334727
61,bloated,1,0.07692307692307693,5.1647859739235145,0.39729122876334727
61,gassy,1,0.07692307692307693,5.1647859739235145,0.39729122876334727
61,meal,1,0.07692307692307693,5.1647859739235145,0.39729122876334727
61,stomach,1,0.07692307692307693,5.1647859739235145,0.39729122876334727
75,increasingly,1,0.08333333333333333,4.75932086581535,0.39661007215127914
75,mornings,1,0.08333333333333333,4.75932086581535,0.39661007215127914
75,particularly,1,0.08333333333333333,4.75932086581535,0.39661007215127914
75,popping,1,0.08333333333333333,4.75932086581535,0.39661007215127914
75,sound,1,0.08333333333333333,4.75932086581535,0.39661007215127914
75,stiff,1,0.08333333333333333,4.75932086581535,0.39661007215127914
75,walk,1,0.08333333333333333,4.75932086581535,0.39661007215127914
15,anything,1,0.14285714285714285,2.7668907011251433,0.3952701001607347
31,try,1,0.14285714285714285,2.7668907011251433,0.3952701001607347
51,anything,1,0.14285714285714285,2.7668907011251433,0.3952701001607347
101,anything,1,0.14285714285714285,2.7668907011251433,0.3952701001607347
103,try,1,0.14285714285714285,2.7668907011251433,0.3952701001607347
117,try,1,0.14285714285714285,2.7668907011251433,0.3952701001607347
162,try,1,0.14285714285714285,2.7668907011251433,0.3952701001607347
332,anything,1,0.14285714285714285,2.7668907011251433,0.3952701001607347
38,won,1,0.1111111111111111,3.5553480614894135,0.3950386734988237
49,leg,1,0.1111111111111111,3.5553480614894135,0.3950386734988237
49,weakness,1,0.1111111111111111,3.5553480614894135,0.3950386734988237
80,recently,1,0.1111111111111111,3.5553480614894135,0.3950386734988237
82,online,1,0.1111111111111111,3.5553480614894135,0.3950386734988237
86,hours,1,0.1111111111111111,3.5553480614894135,0.3950386734988237
86,tingling,1,0.1111111111111111,3.5553480614894135,0.3950386734988237
146,leg,1,0.1111111111111111,3.5553480614894135,0.3950386734988237
146,weakness,1,0.1111111111111111,3.5553480614894135,0.3950386734988237
150,sleep,1,0.1111111111111111,3.5553480614894135,0.3950386734988237
159,won,1,0.1111111111111111,3.5553480614894135,0.3950386734988237
188,leg,1,0.1111111111111111,3.5553480614894135,0.3950386734988237
188,weakness,1,0.1111111111111111,3.5553480614894135,0.3950386734988237
203,won,1,0.1111111111111111,3.5553480614894135,0.3950386734988237
208,sleep,1,0.1111111111111111,3.5553480614894135,0.3950386734988237
304,changed,1,0.1111111111111111,3.5553480614894135,0.3950386734988237
28,email,1,0.125,3.1498829533812494,0.39373536917265617
28,system,1,0.125,3.1498829533812494,0.39373536917265617
48,fit,1,0.125,3.1498829533812494,0.39373536917265617
48,note,1,0.125,3.1498829533812494,0.39373536917265617
104,abdominal,1,0.125,3.1498829533812494,0.39373536917265617
104,cramps,1,0.125,3.1498829533812494,0.39373536917265617
115,update,1,0.125,3.1498829533812494,0.39373536917265617
147,numbness,1,0.125,3.1498829533812494,0.39373536917265617
148,numbness,1,0.125,3.1498829533812494,0.39373536917265617
178,email,1,0.125,3.1498829533812494,0.39373536917265617
183,abdominal,1,0.125,3.1498829533812494,0.39373536917265617
183,cramps,1,0.125,3.1498829533812494,0.39373536917265617
190,comes,1,0.125,3.1498829533812494,0.39373536917265617
202,email,1,0.125,3.1498829533812494,0.39373536917265617
202,system,1,0.125,3.1498829533812494,0.39373536917265617
233,fit,1,0.125,3.1498829533812494,0.39373536917265617
233,note,1,0.125,3.1498829533812494,0.39373536917265617
235,numbness,1,0.125,3.1498829533812494,0.39373536917265617
236,update,1,0.125,3.1498829533812494,0.39373536917265617
259,numbness,1,0.125,3.1498829533812494,0.39373536917265617
274,comes,1,0.125,3.1498829533812494,0.39373536917265617
282,especially,1,0.125,3.1498829533812494,0.39373536917265617
327,address,1,0.125,3.1498829533812494,0.39373536917265617
56,app,1,0.16666666666666666,2.361425593016979,0.3935709321694965
68,app,1,0.16666666666666666,2.361425593016979,0.3935709321694965
112,app,1,0.16666666666666666,2.361425593016979,0.3935709321694965
338,app,1,0.16666666666666666,2.361425593016979,0.3935709321694965
32,feeling,1,0.1,3.912023005428146,0.39120230054281463
57,feeling,1,0.1,3.912023005428146,0.39120230054281463
200,now,1,0.1,3.912023005428146,0.39120230054281463
200,regular,1,0.1,3.912023005428146,0.39120230054281463
59,weeks,1,0.14285714285714285,2.7224389385543097,0.38891984836490134
164,weeks,1,0.14285714285714285,2.7224389385543097,0.38891984836490134
204,weeks,1,0.14285714285714285,2.7224389385543097,0.38891984836490134
224,weeks,1,0.14285714285714285,2.7224389385543097,0.38891984836490134
226,weeks,1,0.14285714285714285,2.7224389385543097,0.38891984836490134
93,click,1,0.09090909090909091,4.248495242049359,0.38622684018630543
93,form,1,0.09090909090909091,4.248495242049359,0.38622684018630543
93,page,1,0.09090909090909091,4.248495242049359,0.38622684018630543
93,reloads,1,0.09090909090909091,4.248495242049359,0.38622684018630543
93,submit,1,0.09090909090909091,4.248495242049359,0.38622684018630543
169,evenings,1,0.09090909090909091,4.248495242049359,0.38622684018630543
169,worsens,1,0.09090909090909091,4.248495242049359,0.38622684018630543
191,anymore,1,0.09090909090909091,4.248495242049359,0.38622684018630543
191,fine,1,0.09090909090909091,4.248495242049359,0.38622684018630543
191,prescriptions,1,0.09090909090909091,4.248495242049359,0.38622684018630543
191,tab,1,0.09090909090909091,4.248495242049359,0.38622684018630543
191,used,1,0.09090909090909091,4.248495242049359,0.38622684018630543
214,click,1,0.09090909090909091,4.248495242049359,0.38622684018630543
214,form,1,0.09090909090909091,4.248495242049359,0.38622684018630543
214,page,1,0.09090909090909091,4.248495242049359,0.38622684018630543
214,reloads,1,0.09090909090909091,4.248495242049359,0.38622684018630543
214,submit,1,0.09090909090909091,4.248495242049359,0.38622684018630543
223,come,1,0.09090909090909091,4.248495242049359,0.38622684018630543
223,disturbed,1,0.09090909090909091,4.248495242049359,0.38622684018630543
223,due,1,0.09090909090909091,4.248495242049359,0.38622684018630543
223,go,1,0.09090909090909091,4.248495242049359,0.38622684018630543
244,confirmation,1,0.09090909090909091,4.248495242049359,0.38622684018630543
244,follow,1,0.09090909090909091,4.248495242049359,0.38622684018630543
244,haven,1,0.09090909090909091,4.248495242049359,0.38622684018630543
244,submitted,1,0.09090909090909091,4.248495242049359,0.38622684018630543
244,urgently,1,0.09090909090909091,4.248495242049359,0.38622684018630543
344,click,1,0.09090909090909091,4.248495242049359,0.38622684018630543
344,form,1,0.09090909090909091,4.248495242049359,0.38622684018630543
344,page,1,0.09090909090909091,4.248495242049359,0.38622684018630543
344,reloads,1,0.09090909090909091,4.248495242049359,0.38622684018630543
344,submit,1,0.09090909090909091,4.248495242049359,0.38622684018630543
28,verification,1,0.125,3.0853444322436783,0.3856680540304598
102,common,1,0.125,3.0853444322436783,0.3856680540304598
178,verification,1,0.125,3.0853444322436783,0.3856680540304598
202,becoming,1,0.125,3.0853444322436783,0.3856680540304598
202,verification,1,0.125,3.0853444322436783,0.3856680540304598
255,becoming,1,0.125,3.0853444322436783,0.3856680540304598
288,common,1,0.125,3.0853444322436783,0.3856680540304598
82,error,1,0.1111111111111111,3.4600378816850887,0.3844486535205654
84,insomnia,1,0.1111111111111111,3.4600378816850887,0.3844486535205654
98,showing,1,0.1111111111111111,3.4600378816850887,0.3844486535205654
111,contact,1,0.1111111111111111,3.4600378816850887,0.3844486535205654
184,showing,1,0.1111111111111111,3.4600378816850887,0.3844486535205654
198,contact,1,0.1111111111111111,3.4600378816850887,0.3844486535205654
222,showing,1,0.1111111111111111,3.4600378816850887,0.3844486535205654
229,contact,1,0.1111111111111111,3.4600378816850887,0.3844486535205654
243,insomnia,1,0.1111111111111111,3.4600378816850887,0.3844486535205654
253,contact,1,0.1111111111111111,3.4600378816850887,0.3844486535205654
108,hard,1,0.14285714285714285,2.6798793241355137,0.3828399034479305
110,goes,1,0.14285714285714285,2.6798793241355137,0.3828399034479305
125,back,1,0.14285714285714285,2.6798793241355137,0.3828399034479305
143,back,1,0.14285714285714285,2.6798793241355137,0.3828399034479305
252,back,1,0.14285714285714285,2.6798793241355137,0.3828399034479305
252,goes,1,0.14285714285714285,2.6798793241355137,0.3828399034479305
266,goes,1,0.14285714285714285,2.6798793241355137,0.3828399034479305
272,goes,1,0.14285714285714285,2.6798793241355137,0.3828399034479305
88,feel,1,0.125,3.0247198104272432,0.3780899763034054
92,sharp,1,0.125,3.0247198104272432,0.3780899763034054
104,sharp,1,0.125,3.0247198104272432,0.3780899763034054
118,going,1,0.125,3.0247198104272432,0.3780899763034054
118,night,1,0.125,3.0247198104272432,0.3780899763034054
124,night,1,0.125,3.0247198104272432,0.3780899763034054
147,night,1,0.125,3.0247198104272432,0.3780899763034054
218,going,1,0.125,3.0247198104272432,0.3780899763034054
218,night,1,0.125,3.0247198104272432,0.3780899763034054
235,going,1,0.125,3.0247198104272432,0.3780899763034054
235,night,1,0.125,3.0247198104272432,0.3780899763034054
259,going,1,0.125,3.0247198104272432,0.3780899763034054
315,sharp,1,0.125,3.0247198104272432,0.3780899763034054
126,frequent,1,0.1,3.7784916128036232,0.37784916128036233
166,standing,1,0.1,3.7784916128036232,0.37784916128036233
241,keyboard,1,0.1,3.7784916128036232,0.37784916128036233
241,seem,1,0.1,3.7784916128036232,0.37784916128036233
249,standing,1,0.1,3.7784916128036232,0.37784916128036233
251,frequent,1,0.1,3.7784916128036232,0.37784916128036233
301,sent,1,0.1,3.7784916128036232,0.37784916128036233
330,frequent,1,0.1,3.7784916128036232,0.37784916128036233
158,day,2,0.13333333333333333,2.8134107167600364,0.3751214289013382
38,different,1,0.1111111111111111,3.373026504695459,0.37478072274393986
84,gets,1,0.1111111111111111,3.373026504695459,0.37478072274393986
90,gets,1,0.1111111111111111,3.373026504695459,0.37478072274393986
127,sometimes,1,0.1111111111111111,3.373026504695459,0.37478072274393986
146,daily,1,0.1111111111111111,3.373026504695459,0.37478072274393986
146,life,1,0.1111111111111111,3.373026504695459,0.37478072274393986
152,though,1,0.1111111111111111,3.373026504695459,0.37478072274393986
186,daily,1,0.1111111111111111,3.373026504695459,0.37478072274393986
186,life,1,0.1111111111111111,3.373026504695459,0.37478072274393986
188,gets,1,0.1111111111111111,3.373026504695459,0.37478072274393986
198,though,1,0.1111111111111111,3.373026504695459,0.37478072274393986
203,multiple,1,0.1111111111111111,3.373026504695459,0.37478072274393986
212,daily,1,0.1111111111111111,3.373026504695459,0.37478072274393986
212,life,1,0.1111111111111111,3.373026504695459,0.37478072274393986
227,sometimes,1,0.1111111111111111,3.373026504695459,0.37478072274393986
243,daily,1,0.1111111111111111,3.373026504695459,0.37478072274393986
243,life,1,0.1111111111111111,3.373026504695459,0.37478072274393986
262,daily,1,0.1111111111111111,3.373026504695459,0.37478072274393986
262,life,1,0.1111111111111111,3.373026504695459,0.37478072274393986
278,gets,1,0.1111111111111111,3.373026504695459,0.37478072274393986
292,daily,1,0.1111111111111111,3.373026504695459,0.37478072274393986
292,life,1,0.1111111111111111,3.373026504695459,0.37478072274393986
320,sometimes,1,0.1111111111111111,3.373026504695459,0.37478072274393986
3,morning,1,0.08333333333333333,4.471638793363569,0.3726365661136307
3,radiating,1,0.08333333333333333,4.471638793363569,0.3726365661136307
107,developed,1,0.08333333333333333,4.471638793363569,0.3726365661136307
107,exertion,1,0.08333333333333333,4.471638793363569,0.3726365661136307
107,pressure,1,0.08333333333333333,4.471638793363569,0.3726365661136307
132,check,1,0.08333333333333333,4.471638793363569,0.3726365661136307
132,settings,1,0.08333333333333333,4.471638793363569,0.3726365661136307
15,like,1,0.14285714285714285,2.5998366164619773,0.3714052309231396
51,like,1,0.14285714285714285,2.5998366164619773,0.3714052309231396
101,like,1,0.14285714285714285,2.5998366164619773,0.3714052309231396
332,like,1,0.14285714285714285,2.5998366164619773,0.3714052309231396
154,experiencing,1,0.3333333333333333,1.1130010261202095,0.3710003420400698
42,happened,1,0.125,2.9675613965872945,0.3709451745734118
182,idea,1,0.125,2.9675613965872945,0.3709451745734118
202,frustrating,1,0.125,2.9675613965872945,0.3709451745734118
209,happened,1,0.125,2.9675613965872945,0.3709451745734118
247,idea,1,0.125,2.9675613965872945,0.3709451745734118
305,happened,1,0.125,2.9675613965872945,0.3709451745734118
13,button,1,0.09090909090909091,4.0661736852554045,0.3696521532050368
13,respond,1,0.09090909090909091,4.0661736852554045,0.3696521532050368
50,bending,1,0.09090909090909091,4.0661736852554045,0.3696521532050368
50,clicking,1,0.09090909090909091,4.0661736852554045,0.3696521532050368
50,unstable,1,0.09090909090909091,4.0661736852554045,0.3696521532050368
290,arriving,1,0.09090909090909091,4.0661736852554045,0.3696521532050368
290,resending,1,0.09090909090909091,4.0661736852554045,0.3696521532050368
290,twice,1,0.09090909090909091,4.0661736852554045,0.3696521532050368
347,fatigue,1,0.09090909090909091,4.0661736852554045,0.3696521532050368
347,minor,1,0.09090909090909091,4.0661736852554045,0.3696521532050368
347,setting,1,0.09090909090909091,4.0661736852554045,0.3696521532050368
347,tasks,1,0.09090909090909091,4.0661736852554045,0.3696521532050368
347,wiped,1,0.09090909090909091,4.0661736852554045,0.3696521532050368
144,attacks,1,0.07692307692307693,4.75932086581535,0.3661016050627192
144,light,1,0.07692307692307693,4.75932086581535,0.3661016050627192
144,look,1,0.07692307692307693,4.75932086581535,0.3661016050627192
144,nauseous,1,0.07692307692307693,4.75932086581535,0.3661016050627192
177,entered,1,0.07692307692307693,4.75932086581535,0.3661016050627192
177,registering,1,0.07692307692307693,4.75932086581535,0.3661016050627192
177,verify,1,0.07692307692307693,4.75932086581535,0.3661016050627192
309,carpal,1,0.07692307692307693,4.75932086581535,0.3661016050627192
309,tunnel,1,0.07692307692307693,4.75932086581535,0.3661016050627192
21,asking,1,0.1,3.66070857714724,0.36607085771472403
39,chronic,1,0.1,3.66070857714724,0.36607085771472403
145,chronic,1,0.1,3.66070857714724,0.36607085771472403
166,walking,1,0.1,3.66070857714724,0.36607085771472403
213,asking,1,0.1,3.66070857714724,0.36607085771472403
249,walking,1,0.1,3.66070857714724,0.36607085771472403
273,joint,1,0.1,3.66070857714724,0.36607085771472403
273,stiffness,1,0.1,3.66070857714724,0.36607085771472403
287,knees,1,0.1,3.66070857714724,0.36607085771472403
287,painful,1,0.1,3.66070857714724,0.36607085771472403
299,asking,1,0.1,3.66070857714724,0.36607085771472403
301,received,1,0.1,3.66070857714724,0.36607085771472403
319,happens,1,0.1,3.66070857714724,0.36607085771472403
345,chronic,1,0.1,3.66070857714724,0.36607085771472403
29,persistent,1,0.1111111111111111,3.2929837970219227,0.3658870885579914
106,dizziness,1,0.1111111111111111,3.2929837970219227,0.3658870885579914
149,tightness,1,0.1111111111111111,3.2929837970219227,0.3658870885579914
174,log,1,0.1111111111111111,3.2929837970219227,0.3658870885579914
231,account,1,0.1111111111111111,3.2929837970219227,0.3658870885579914
262,tightness,1,0.1111111111111111,3.2929837970219227,0.3658870885579914
269,account,1,0.1111111111111111,3.2929837970219227,0.3658870885579914
278,see,1,0.1111111111111111,3.2929837970219227,0.3658870885579914
278,someone,1,0.1111111111111111,3.2929837970219227,0.3658870885579914
328,account,1,0.1111111111111111,3.2929837970219227,0.3658870885579914
6,finding,1,0.125,2.913494175317019,0.3641867719146274
6,manage,1,0.125,2.913494175317019,0.3641867719146274
148,finding,1,0.125,2.913494175317019,0.3641867719146274
148,manage,1,0.125,2.913494175317019,0.3641867719146274
183,finding,1,0.125,2.913494175317019,0.3641867719146274
183,manage,1,0.125,2.913494175317019,0.3641867719146274
199,prescription,1,0.125,2.913494175317019,0.3641867719146274
237,finding,1,0.125,2.913494175317019,0.3641867719146274
237,manage,1,0.125,2.913494175317019,0.3641867719146274
316,finding,1,0.125,2.913494175317019,0.3641867719146274
316,manage,1,0.125,2.913494175317019,0.3641867719146274
71,can,1,0.16666666666666666,2.169053700369523,0.3615089500615872
323,can,1,0.16666666666666666,2.169053700369523,0.3615089500615872
125,pain,1,0.14285714285714285,2.5257286443082556,0.3608183777583222
143,pain,1,0.14285714285714285,2.5257286443082556,0.3608183777583222
143,started,1,0.14285714285714285,2.5257286443082556,0.3608183777583222
164,started,1,0.14285714285714285,2.5257286443082556,0.3608183777583222
175,started,1,0.14285714285714285,2.5257286443082556,0.3608183777583222
248,started,1,0.14285714285714285,2.5257286443082556,0.3608183777583222
252,pain,1,0.14285714285714285,2.5257286443082556,0.3608183777583222
349,started,1,0.14285714285714285,2.5257286443082556,0.3608183777583222
26,times,1,0.125,2.8622008809294686,0.35777511011618357
42,fingers,1,0.125,2.8622008809294686,0.35777511011618357
48,times,1,0.125,2.8622008809294686,0.35777511011618357
92,feels,1,0.125,2.8622008809294686,0.35777511011618357
102,fingers,1,0.125,2.8622008809294686,0.35777511011618357
104,feels,1,0.125,2.8622008809294686,0.35777511011618357
109,times,1,0.125,2.8622008809294686,0.35777511011618357
115,details,1,0.125,2.8622008809294686,0.35777511011618357
147,fingers,1,0.125,2.8622008809294686,0.35777511011618357
148,fingers,1,0.125,2.8622008809294686,0.35777511011618357
172,times,1,0.125,2.8622008809294686,0.35777511011618357
215,keeps,1,0.125,2.8622008809294686,0.35777511011618357
232,keeps,1,0.125,2.8622008809294686,0.35777511011618357
233,times,1,0.125,2.8622008809294686,0.35777511011618357
235,fingers,1,0.125,2.8622008809294686,0.35777511011618357
236,details,1,0.125,2.8622008809294686,0.35777511011618357
236,times,1,0.125,2.8622008809294686,0.35777511011618357
259,fingers,1,0.125,2.8622008809294686,0.35777511011618357
315,feels,1,0.125,2.8622008809294686,0.35777511011618357
81,shoulder,1,0.1111111111111111,3.2188758248682006,0.35765286942980007
292,discomfort,1,0.1111111111111111,3.2188758248682006,0.35765286942980007
292,shoulder,1,0.1111111111111111,3.2188758248682006,0.35765286942980007
114,work,1,0.16666666666666666,2.1443610877791515,0.3573935146298586
34,really,1,0.14285714285714285,2.4906373244969853,0.3558053320709979
110,causing,1,0.14285714285714285,2.4906373244969853,0.3558053320709979
143,causing,1,0.14285714285714285,2.4906373244969853,0.3558053320709979
161,really,1,0.14285714285714285,2.4906373244969853,0.3558053320709979
175,causing,1,0.14285714285714285,2.4906373244969853,0.3558053320709979
180,causing,1,0.14285714285714285,2.4906373244969853,0.3558053320709979
248,causing,1,0.14285714285714285,2.4906373244969853,0.3558053320709979
252,causing,1,0.14285714285714285,2.4906373244969853,0.3558053320709979
257,really,1,0.14285714285714285,2.4906373244969853,0.3558053320709979
266,causing,1,0.14285714285714285,2.4906373244969853,0.3558053320709979
350,causing,1,0.14285714285714285,2.4906373244969853,0.3558053320709979
43,feeling,1,0.09090909090909091,3.912023005428146,0.3556384550389224
318,long,1,0.09090909090909091,3.912023005428146,0.3556384550389224
73,leg,1,0.1,3.5553480614894135,0.3555348061489414
73,weakness,1,0.1,3.5553480614894135,0.3555348061489414
126,headaches,1,0.1,3.5553480614894135,0.3555348061489414
126,hours,1,0.1,3.5553480614894135,0.3555348061489414
126,mostly,1,0.1,3.5553480614894135,0.3555348061489414
171,sleep,1,0.1,3.5553480614894135,0.3555348061489414
251,headaches,1,0.1,3.5553480614894135,0.3555348061489414
251,hours,1,0.1,3.5553480614894135,0.3555348061489414
251,mostly,1,0.1,3.5553480614894135,0.3555348061489414
254,hours,1,0.1,3.5553480614894135,0.3555348061489414
254,tingling,1,0.1,3.5553480614894135,0.3555348061489414
330,headaches,1,0.1,3.5553480614894135,0.3555348061489414
330,hours,1,0.1,3.5553480614894135,0.3555348061489414
330,mostly,1,0.1,3.5553480614894135,0.3555348061489414
27,click,1,0.08333333333333333,4.248495242049359,0.3540412701707799
27,form,1,0.08333333333333333,4.248495242049359,0.3540412701707799
27,page,1,0.08333333333333333,4.248495242049359,0.3540412701707799
27,reloads,1,0.08333333333333333,4.248495242049359,0.3540412701707799
27,submit,1,0.08333333333333333,4.248495242049359,0.3540412701707799
77,issue,1,0.08333333333333333,4.248495242049359,0.3540412701707799
77,login,1,0.08333333333333333,4.248495242049359,0.3540412701707799
77,loop,1,0.08333333333333333,4.248495242049359,0.3540412701707799
77,right,1,0.08333333333333333,4.248495242049359,0.3540412701707799
77,sign,1,0.08333333333333333,4.248495242049359,0.3540412701707799
85,house,1,0.08333333333333333,4.248495242049359,0.3540412701707799
85,moved,1,0.08333333333333333,4.248495242049359,0.3540412701707799
181,around,1,0.08333333333333333,4.248495242049359,0.3540412701707799
181,lasting,1,0.08333333333333333,4.248495242049359,0.3540412701707799
181,temples,1,0.08333333333333333,4.248495242049359,0.3540412701707799
211,attached,1,0.08333333333333333,4.248495242049359,0.3540412701707799
211,landscape,1,0.08333333333333333,4.248495242049359,0.3540412701707799
211,mode,1,0.08333333333333333,4.248495242049359,0.3540412701707799
211,problem,1,0.08333333333333333,4.248495242049359,0.3540412701707799
211,tablet,1,0.08333333333333333,4.248495242049359,0.3540412701707799
217,evenings,1,0.08333333333333333,4.248495242049359,0.3540412701707799
217,worsens,1,0.08333333333333333,4.248495242049359,0.3540412701707799
343,also,1,0.08333333333333333,4.248495242049359,0.3540412701707799
343,exhausted,1,0.08333333333333333,4.248495242049359,0.3540412701707799
343,full,1,0.08333333333333333,4.248495242049359,0.3540412701707799
343,loss,1,0.08333333333333333,4.248495242049359,0.3540412701707799
343,unexplained,1,0.08333333333333333,4.248495242049359,0.3540412701707799
343,weight,1,0.08333333333333333,4.248495242049359,0.3540412701707799
92,chest,1,0.125,2.8134107167600364,0.35167633959500455
118,worse,1,0.125,2.8134107167600364,0.35167633959500455
124,worse,1,0.125,2.8134107167600364,0.35167633959500455
147,worse,1,0.125,2.8134107167600364,0.35167633959500455
199,support,1,0.125,2.8134107167600364,0.35167633959500455
199,week,1,0.125,2.8134107167600364,0.35167633959500455
215,support,1,0.125,2.8134107167600364,0.35167633959500455
215,week,1,0.125,2.8134107167600364,0.35167633959500455
218,chest,1,0.125,2.8134107167600364,0.35167633959500455
218,worse,1,0.125,2.8134107167600364,0.35167633959500455
235,worse,1,0.125,2.8134107167600364,0.35167633959500455
264,support,1,0.125,2.8134107167600364,0.35167633959500455
264,week,1,0.125,2.8134107167600364,0.35167633959500455
274,chest,1,0.125,2.8134107167600364,0.35167633959500455
282,day,1,0.125,2.8134107167600364,0.35167633959500455
327,still,1,0.125,2.8134107167600364,0.35167633959500455
327,support,1,0.125,2.8134107167600364,0.35167633959500455
327,week,1,0.125,2.8134107167600364,0.35167633959500455
11,numbness,1,0.1111111111111111,3.1498829533812494,0.3499869948201388
11,using,1,0.1111111111111111,3.1498829533812494,0.3499869948201388
38,email,1,0.1111111111111111,3.1498829533812494,0.3499869948201388
38,system,1,0.1111111111111111,3.1498829533812494,0.3499869948201388
82,gp,1,0.1111111111111111,3.1498829533812494,0.3499869948201388
82,system,1,0.1111111111111111,3.1498829533812494,0.3499869948201388
86,routine,1,0.1111111111111111,3.1498829533812494,0.3499869948201388
90,numbness,1,0.1111111111111111,3.1498829533812494,0.3499869948201388
106,routine,1,0.1111111111111111,3.1498829533812494,0.3499869948201388
111,update,1,0.1111111111111111,3.1498829533812494,0.3499869948201388
150,abdominal,1,0.1111111111111111,3.1498829533812494,0.3499869948201388
150,cramps,1,0.1111111111111111,3.1498829533812494,0.3499869948201388
152,fit,1,0.1111111111111111,3.1498829533812494,0.3499869948201388
152,note,1,0.1111111111111111,3.1498829533812494,0.3499869948201388
159,email,1,0.1111111111111111,3.1498829533812494,0.3499869948201388
159,system,1,0.1111111111111111,3.1498829533812494,0.3499869948201388
186,numbness,1,0.1111111111111111,3.1498829533812494,0.3499869948201388
192,comes,1,0.1111111111111111,3.1498829533812494,0.3499869948201388
198,update,1,0.1111111111111111,3.1498829533812494,0.3499869948201388
203,email,1,0.1111111111111111,3.1498829533812494,0.3499869948201388
203,system,1,0.1111111111111111,3.1498829533812494,0.3499869948201388
208,abdominal,1,0.1111111111111111,3.1498829533812494,0.3499869948201388
208,cramps,1,0.1111111111111111,3.1498829533812494,0.3499869948201388
229,update,1,0.1111111111111111,3.1498829533812494,0.3499869948201388
231,address,1,0.1111111111111111,3.1498829533812494,0.3499869948201388
239,routine,1,0.1111111111111111,3.1498829533812494,0.3499869948201388
253,update,1,0.1111111111111111,3.1498829533812494,0.3499869948201388
269,address,1,0.1111111111111111,3.1498829533812494,0.3499869948201388
304,gp,1,0.1111111111111111,3.1498829533812494,0.3499869948201388
304,old,1,0.1111111111111111,3.1498829533812494,0.3499869948201388
328,address,1,0.1111111111111111,3.1498829533812494,0.3499869948201388
89,contact,1,0.1,3.4600378816850887,0.3460037881685089
325,need,1,0.1,3.4600378816850887,0.3460037881685089
48,try,1,0.125,2.7668907011251433,0.3458613376406429
92,anything,1,0.125,2.7668907011251433,0.3458613376406429
109,try,1,0.125,2.7668907011251433,0.3458613376406429
124,anything,1,0.125,2.7668907011251433,0.3458613376406429
157,anything,1,0.125,2.7668907011251433,0.3458613376406429
172,try,1,0.125,2.7668907011251433,0.3458613376406429
56,even,1,0.16666666666666666,2.073743520565198,0.3456239200941996
112,even,1,0.16666666666666666,2.073743520565198,0.3456239200941996
176,even,1,0.16666666666666666,2.073743520565198,0.3456239200941996
268,even,1,0.16666666666666666,2.073743520565198,0.3456239200941996
323,even,1,0.16666666666666666,2.073743520565198,0.3456239200941996
12,check,1,0.07692307692307693,4.471638793363569,0.3439722148741207
12,settings,1,0.07692307692307693,4.471638793363569,0.3439722148741207
17,arrives,1,0.07692307692307693,4.471638793363569,0.3439722148741207
17,folder,1,0.07692307692307693,4.471638793363569,0.3439722148741207
17,junk,1,0.07692307692307693,4.471638793363569,0.3439722148741207
17,link,1,0.07692307692307693,4.471638793363569,0.3439722148741207
17,nothing,1,0.07692307692307693,4.471638793363569,0.3439722148741207
17,tells,1,0.07692307692307693,4.471638793363569,0.3439722148741207
113,away,1,0.07692307692307693,4.471638793363569,0.3439722148741207
113,heart,1,0.07692307692307693,4.471638793363569,0.3439722148741207
113,history,1,0.07692307692307693,4.471638793363569,0.3439722148741207
113,new,1,0.07692307692307693,4.471638793363569,0.3439722148741207
113,rest,1,0.07692307692307693,4.471638793363569,0.3439722148741207
113,severe,1,0.07692307692307693,4.471638793363569,0.3439722148741207
113,stairs,1,0.07692307692307693,4.471638793363569,0.3439722148741207
113,uncomfortable,1,0.07692307692307693,4.471638793363569,0.3439722148741207
129,aren,1,0.07692307692307693,4.471638793363569,0.3439722148741207
129,revert,1,0.07692307692307693,4.471638793363569,0.3439722148741207
129,saved,1,0.07692307692307693,4.471638793363569,0.3439722148741207
134,devices,1,0.07692307692307693,4.471638793363569,0.3439722148741207
134,sends,1,0.07692307692307693,4.471638793363569,0.3439722148741207
169,standing,1,0.09090909090909091,3.7784916128036232,0.34349923752760214
234,sent,1,0.09090909090909091,3.7784916128036232,0.34349923752760214
294,profile,1,0.09090909090909091,3.7784916128036232,0.34349923752760214
318,keyboard,1,0.09090909090909091,3.7784916128036232,0.34349923752760214
38,verification,1,0.1111111111111111,3.0853444322436783,0.3428160480270753
67,common,1,0.1111111111111111,3.0853444322436783,0.3428160480270753
98,common,1,0.1111111111111111,3.0853444322436783,0.3428160480270753
150,common,1,0.1111111111111111,3.0853444322436783,0.3428160480270753
159,verification,1,0.1111111111111111,3.0853444322436783,0.3428160480270753
203,verification,1,0.1111111111111111,3.0853444322436783,0.3428160480270753
227,common,1,0.1111111111111111,3.0853444322436783,0.3428160480270753
229,common,1,0.1111111111111111,3.0853444322436783,0.3428160480270753
269,common,1,0.1111111111111111,3.0853444322436783,0.3428160480270753
110,sure,1,0.14285714285714285,2.392197251683733,0.3417424645262475
125,wondering,1,0.14285714285714285,2.392197251683733,0.3417424645262475
143,sure,1,0.14285714285714285,2.392197251683733,0.3417424645262475
168,wondering,1,0.14285714285714285,2.392197251683733,0.3417424645262475
175,sure,1,0.14285714285714285,2.392197251683733,0.3417424645262475
180,sure,1,0.14285714285714285,2.392197251683733,0.3417424645262475
248,sure,1,0.14285714285714285,2.392197251683733,0.3417424645262475
252,sure,1,0.14285714285714285,2.392197251683733,0.3417424645262475
266,sure,1,0.14285714285714285,2.392197251683733,0.3417424645262475
272,wondering,1,0.14285714285714285,2.392197251683733,0.3417424645262475
277,wondering,1,0.14285714285714285,2.392197251683733,0.3417424645262475
349,wondering,1,0.14285714285714285,2.392197251683733,0.3417424645262475
350,affecting,1,0.14285714285714285,2.392197251683733,0.3417424645262475
350,sure,1,0.14285714285714285,2.392197251683733,0.3417424645262475
118,weeks,1,0.125,2.7224389385543097,0.3403048673192887
218,weeks,1,0.125,2.7224389385543097,0.3403048673192887
235,weeks,1,0.125,2.7224389385543097,0.3403048673192887
259,weeks,1,0.125,2.7224389385543097,0.3403048673192887
97,effects,1,0.07142857142857142,4.75932086581535,0.33995149041538214
97,medication,1,0.07142857142857142,4.75932086581535,0.33995149041538214
97,mildly,1,0.07142857142857142,4.75932086581535,0.33995149041538214
97,noticeable,1,0.07142857142857142,4.75932086581535,0.33995149041538214
97,quickly,1,0.07142857142857142,4.75932086581535,0.33995149041538214
97,related,1,0.07142857142857142,4.75932086581535,0.33995149041538214
97,side,1,0.07142857142857142,4.75932086581535,0.33995149041538214
1,asap,1,0.08333333333333333,4.0661736852554045,0.33884780710461704
1,requested,1,0.08333333333333333,4.0661736852554045,0.33884780710461704
1,since,1,0.08333333333333333,4.0661736852554045,0.33884780710461704
1,updates,1,0.08333333333333333,4.0661736852554045,0.33884780710461704
64,arriving,1,0.08333333333333333,4.0661736852554045,0.33884780710461704
64,resending,1,0.08333333333333333,4.0661736852554045,0.33884780710461704
64,twice,1,0.08333333333333333,4.0661736852554045,0.33884780710461704
75,become,1,0.08333333333333333,4.0661736852554045,0.33884780710461704
283,asap,1,0.08333333333333333,4.0661736852554045,0.33884780710461704
283,requested,1,0.08333333333333333,4.0661736852554045,0.33884780710461704
283,since,1,0.08333333333333333,4.0661736852554045,0.33884780710461704
283,updates,1,0.08333333333333333,4.0661736852554045,0.33884780710461704
291,asap,1,0.08333333333333333,4.0661736852554045,0.33884780710461704
291,requested,1,0.08333333333333333,4.0661736852554045,0.33884780710461704
291,since,1,0.08333333333333333,4.0661736852554045,0.33884780710461704
291,updates,1,0.08333333333333333,4.0661736852554045,0.33884780710461704
337,fatigue,1,0.08333333333333333,4.0661736852554045,0.33884780710461704
337,minor,1,0.08333333333333333,4.0661736852554045,0.33884780710461704
337,setting,1,0.08333333333333333,4.0661736852554045,0.33884780710461704
337,tasks,1,0.08333333333333333,4.0661736852554045,0.33884780710461704
337,wiped,1,0.08333333333333333,4.0661736852554045,0.33884780710461704
19,app,1,0.14285714285714285,2.361425593016979,0.33734651328813986
31,app,1,0.14285714285714285,2.361425593016979,0.33734651328813986
70,app,1,0.14285714285714285,2.361425593016979,0.33734651328813986
103,app,1,0.14285714285714285,2.361425593016979,0.33734651328813986
189,app,1,0.14285714285714285,2.361425593016979,0.33734651328813986
317,app,1,0.14285714285714285,2.361425593016979,0.33734651328813986
5,though,1,0.1,3.373026504695459,0.33730265046954594
25,gets,1,0.1,3.373026504695459,0.33730265046954594
73,gets,1,0.1,3.373026504695459,0.33730265046954594
95,though,1,0.1,3.373026504695459,0.33730265046954594
273,daily,1,0.1,3.373026504695459,0.33730265046954594
273,life,1,0.1,3.373026504695459,0.33730265046954594
287,sometimes,1,0.1,3.373026504695459,0.33730265046954594
307,though,1,0.1,3.373026504695459,0.33730265046954594
321,daily,1,0.1,3.373026504695459,0.33730265046954594
321,life,1,0.1,3.373026504695459,0.33730265046954594
49,sharp,1,0.1111111111111111,3.0247198104272432,0.3360799789363603
76,sharp,1,0.1111111111111111,3.0247198104272432,0.3360799789363603
84,night,1,0.1111111111111111,3.0247198104272432,0.3360799789363603
90,night,1,0.1111111111111111,3.0247198104272432,0.3360799789363603
127,feel,1,0.1111111111111111,3.0247198104272432,0.3360799789363603
149,sharp,1,0.1111111111111111,3.0247198104272432,0.3360799789363603
188,night,1,0.1111111111111111,3.0247198104272432,0.3360799789363603
227,feel,1,0.1111111111111111,3.0247198104272432,0.3360799789363603
278,night,1,0.1111111111111111,3.0247198104272432,0.3360799789363603
320,feel,1,0.1111111111111111,3.0247198104272432,0.3360799789363603
6,hard,1,0.125,2.6798793241355137,0.3349849155169392
118,back,1,0.125,2.6798793241355137,0.3349849155169392
148,hard,1,0.125,2.6798793241355137,0.3349849155169392
178,tried,1,0.125,2.6798793241355137,0.3349849155169392
183,hard,1,0.125,2.6798793241355137,0.3349849155169392
190,goes,1,0.125,2.6798793241355137,0.3349849155169392
237,back,1,0.125,2.6798793241355137,0.3349849155169392
237,hard,1,0.125,2.6798793241355137,0.3349849155169392
274,goes,1,0.125,2.6798793241355137,0.3349849155169392
282,back,1,0.125,2.6798793241355137,0.3349849155169392
316,hard,1,0.125,2.6798793241355137,0.3349849155169392
50,knees,1,0.09090909090909091,3.66070857714724,0.3327916888315673
50,painful,1,0.09090909090909091,3.66070857714724,0.3327916888315673
62,arm,1,0.09090909090909091,3.66070857714724,0.3327916888315673
169,walking,1,0.09090909090909091,3.66070857714724,0.3327916888315673
234,received,1,0.09090909090909091,3.66070857714724,0.3327916888315673
244,received,1,0.09090909090909091,3.66070857714724,0.3327916888315673
244,request,1,0.09090909090909091,3.66070857714724,0.3327916888315673
294,shows,1,0.09090909090909091,3.66070857714724,0.3327916888315673
318,getting,1,0.09090909090909091,3.66070857714724,0.3327916888315673
335,arm,1,0.09090909090909091,3.66070857714724,0.3327916888315673
347,chronic,1,0.09090909090909091,3.66070857714724,0.3327916888315673
139,day,2,0.11764705882352941,2.8134107167600364,0.330989496089416
193,day,2,0.11764705882352941,2.8134107167600364,0.330989496089416
302,day,2,0.11764705882352941,2.8134107167600364,0.330989496089416
199,last,1,0.125,2.6390573296152584,0.3298821662019073
215,last,1,0.125,2.6390573296152584,0.3298821662019073
264,last,1,0.125,2.6390573296152584,0.3298821662019073
327,last,1,0.125,2.6390573296152584,0.3298821662019073
86,badly,1,0.1111111111111111,2.9675613965872945,0.32972904406525494
91,idea,1,0.1111111111111111,2.9675613965872945,0.32972904406525494
106,badly,1,0.1111111111111111,2.9675613965872945,0.32972904406525494
111,happened,1,0.1111111111111111,2.9675613965872945,0.32972904406525494
127,happened,1,0.1111111111111111,2.9675613965872945,0.32972904406525494
174,frustrating,1,0.1111111111111111,2.9675613965872945,0.32972904406525494
184,idea,1,0.1111111111111111,2.9675613965872945,0.32972904406525494
208,idea,1,0.1111111111111111,2.9675613965872945,0.32972904406525494
222,happened,1,0.1111111111111111,2.9675613965872945,0.32972904406525494
231,happened,1,0.1111111111111111,2.9675613965872945,0.32972904406525494
231,idea,1,0.1111111111111111,2.9675613965872945,0.32972904406525494
239,badly,1,0.1111111111111111,2.9675613965872945,0.32972904406525494
253,idea,1,0.1111111111111111,2.9675613965872945,0.32972904406525494
269,idea,1,0.1111111111111111,2.9675613965872945,0.32972904406525494
320,idea,1,0.1111111111111111,2.9675613965872945,0.32972904406525494
260,dizziness,1,0.1,3.2929837970219227,0.3292983797021923
15,never,1,0.14285714285714285,2.302585092994046,0.32894072757057796
51,never,1,0.14285714285714285,2.302585092994046,0.32894072757057796
101,never,1,0.14285714285714285,2.302585092994046,0.32894072757057796
332,never,1,0.14285714285714285,2.302585092994046,0.32894072757057796
8,filling,1,0.07692307692307693,4.248495242049359,0.3268073263114892
8,incredibly,1,0.07692307692307693,4.248495242049359,0.3268073263114892
8,middle,1,0.07692307692307693,4.248495242049359,0.3268073263114892
8,minutes,1,0.07692307692307693,4.248495242049359,0.3268073263114892
8,site,1,0.07692307692307693,4.248495242049359,0.3268073263114892
20,explanation,1,0.07692307692307693,4.248495242049359,0.3268073263114892
20,gave,1,0.07692307692307693,4.248495242049359,0.3268073263114892
78,days,1,0.07692307692307693,4.248495242049359,0.3268073263114892
78,repeat,1,0.07692307692307693,4.248495242049359,0.3268073263114892
78,service,1,0.07692307692307693,4.248495242049359,0.3268073263114892
78,unavailable,1,0.07692307692307693,4.248495242049359,0.3268073263114892
100,calling,1,0.07692307692307693,4.248495242049359,0.3268073263114892
100,clear,1,0.07692307692307693,4.248495242049359,0.3268073263114892
100,dead,1,0.07692307692307693,4.248495242049359,0.3268073263114892
100,initial,1,0.07692307692307693,4.248495242049359,0.3268073263114892
100,line,1,0.07692307692307693,4.248495242049359,0.3268073263114892
100,menu,1,0.07692307692307693,4.248495242049359,0.3268073263114892
100,way,1,0.07692307692307693,4.248495242049359,0.3268073263114892
141,confirmation,1,0.07692307692307693,4.248495242049359,0.3268073263114892
141,follow,1,0.07692307692307693,4.248495242049359,0.3268073263114892
141,haven,1,0.07692307692307693,4.248495242049359,0.3268073263114892
141,submitted,1,0.07692307692307693,4.248495242049359,0.3268073263114892
141,urgently,1,0.07692307692307693,4.248495242049359,0.3268073263114892
156,click,1,0.07692307692307693,4.248495242049359,0.3268073263114892
156,form,1,0.07692307692307693,4.248495242049359,0.3268073263114892
156,page,1,0.07692307692307693,4.248495242049359,0.3268073263114892
156,reloads,1,0.07692307692307693,4.248495242049359,0.3268073263114892
156,submit,1,0.07692307692307693,4.248495242049359,0.3268073263114892
312,explanation,1,0.07692307692307693,4.248495242049359,0.3268073263114892
312,gave,1,0.07692307692307693,4.248495242049359,0.3268073263114892
336,filling,1,0.07692307692307693,4.248495242049359,0.3268073263114892
336,incredibly,1,0.07692307692307693,4.248495242049359,0.3268073263114892
336,middle,1,0.07692307692307693,4.248495242049359,0.3268073263114892
336,minutes,1,0.07692307692307693,4.248495242049359,0.3268073263114892
336,site,1,0.07692307692307693,4.248495242049359,0.3268073263114892
107,feeling,1,0.08333333333333333,3.912023005428146,0.32600191711901216
92,like,1,0.125,2.5998366164619773,0.32497957705774716
124,like,1,0.125,2.5998366164619773,0.32497957705774716
157,like,1,0.125,2.5998366164619773,0.32497957705774716
29,finding,1,0.1111111111111111,2.913494175317019,0.3237215750352243
29,manage,1,0.1111111111111111,2.913494175317019,0.3237215750352243
49,finding,1,0.1111111111111111,2.913494175317019,0.3237215750352243
49,manage,1,0.1111111111111111,2.913494175317019,0.3237215750352243
67,prescription,1,0.1111111111111111,2.913494175317019,0.3237215750352243
76,finding,1,0.1111111111111111,2.913494175317019,0.3237215750352243
76,manage,1,0.1111111111111111,2.913494175317019,0.3237215750352243
80,finding,1,0.1111111111111111,2.913494175317019,0.3237215750352243
80,manage,1,0.1111111111111111,2.913494175317019,0.3237215750352243
84,finding,1,0.1111111111111111,2.913494175317019,0.3237215750352243
84,manage,1,0.1111111111111111,2.913494175317019,0.3237215750352243
91,prescription,1,0.1111111111111111,2.913494175317019,0.3237215750352243
149,finding,1,0.1111111111111111,2.913494175317019,0.3237215750352243
149,manage,1,0.1111111111111111,2.913494175317019,0.3237215750352243
192,finding,1,0.1111111111111111,2.913494175317019,0.3237215750352243
192,manage,1,0.1111111111111111,2.913494175317019,0.3237215750352243
212,finding,1,0.1111111111111111,2.913494175317019,0.3237215750352243
212,manage,1,0.1111111111111111,2.913494175317019,0.3237215750352243
243,finding,1,0.1111111111111111,2.913494175317019,0.3237215750352243
243,manage,1,0.1111111111111111,2.913494175317019,0.3237215750352243
223,sleep,1,0.09090909090909091,3.5553480614894135,0.32321346013540125
294,changed,1,0.09090909090909091,3.5553480614894135,0.32321346013540125
25,discomfort,1,0.1,3.2188758248682006,0.3218875824868201
25,shoulder,1,0.1,3.2188758248682006,0.3218875824868201
32,discomfort,1,0.1,3.2188758248682006,0.3218875824868201
57,discomfort,1,0.1,3.2188758248682006,0.3218875824868201
135,gone,1,0.07142857142857142,4.471638793363569,0.3194027709545406
135,list,1,0.07142857142857142,4.471638793363569,0.3194027709545406
135,meds,1,0.07142857142857142,4.471638793363569,0.3194027709545406
135,missing,1,0.07142857142857142,4.471638793363569,0.3194027709545406
135,reorder,1,0.07142857142857142,4.471638793363569,0.3194027709545406
289,gone,1,0.07142857142857142,4.471638793363569,0.3194027709545406
289,list,1,0.07142857142857142,4.471638793363569,0.3194027709545406
289,meds,1,0.07142857142857142,4.471638793363569,0.3194027709545406
289,missing,1,0.07142857142857142,4.471638793363569,0.3194027709545406
289,reorder,1,0.07142857142857142,4.471638793363569,0.3194027709545406
11,fingers,1,0.1111111111111111,2.8622008809294686,0.31802232010327425
49,feels,1,0.1111111111111111,2.8622008809294686,0.31802232010327425
76,feels,1,0.1111111111111111,2.8622008809294686,0.31802232010327425
86,fingers,1,0.1111111111111111,2.8622008809294686,0.31802232010327425
90,fingers,1,0.1111111111111111,2.8622008809294686,0.31802232010327425
111,details,1,0.1111111111111111,2.8622008809294686,0.31802232010327425
111,just,1,0.1111111111111111,2.8622008809294686,0.31802232010327425
149,feels,1,0.1111111111111111,2.8622008809294686,0.31802232010327425
159,times,1,0.1111111111111111,2.8622008809294686,0.31802232010327425
174,details,1,0.1111111111111111,2.8622008809294686,0.31802232010327425
186,fingers,1,0.1111111111111111,2.8622008809294686,0.31802232010327425
198,details,1,0.1111111111111111,2.8622008809294686,0.31802232010327425
203,times,1,0.1111111111111111,2.8622008809294686,0.31802232010327425
229,details,1,0.1111111111111111,2.8622008809294686,0.31802232010327425
229,just,1,0.1111111111111111,2.8622008809294686,0.31802232010327425
253,details,1,0.1111111111111111,2.8622008809294686,0.31802232010327425
253,just,1,0.1111111111111111,2.8622008809294686,0.31802232010327425
167,entered,1,0.06666666666666667,4.75932086581535,0.3172880577210233
167,registering,1,0.06666666666666667,4.75932086581535,0.3172880577210233
167,verify,1,0.06666666666666667,4.75932086581535,0.3172880577210233
170,attacks,1,0.06666666666666667,4.75932086581535,0.3172880577210233
170,light,1,0.06666666666666667,4.75932086581535,0.3172880577210233
170,look,1,0.06666666666666667,4.75932086581535,0.3172880577210233
170,nauseous,1,0.06666666666666667,4.75932086581535,0.3172880577210233
42,time,1,0.125,2.5257286443082556,0.31571608053853195
102,time,1,0.125,2.5257286443082556,0.31571608053853195
118,pain,1,0.125,2.5257286443082556,0.31571608053853195
237,pain,1,0.125,2.5257286443082556,0.31571608053853195
247,started,1,0.125,2.5257286443082556,0.31571608053853195
282,pain,1,0.125,2.5257286443082556,0.31571608053853195
288,started,1,0.125,2.5257286443082556,0.31571608053853195
305,started,1,0.125,2.5257286443082556,0.31571608053853195
256,issues,2,0.11764705882352941,2.6798793241355137,0.31527992048653103
5,email,1,0.1,3.1498829533812494,0.31498829533812495
89,routine,1,0.1,3.1498829533812494,0.31498829533812495
89,update,1,0.1,3.1498829533812494,0.31498829533812495
95,email,1,0.1,3.1498829533812494,0.31498829533812495
166,especially,1,0.1,3.1498829533812494,0.31498829533812495
171,abdominal,1,0.1,3.1498829533812494,0.31498829533812495
171,cramps,1,0.1,3.1498829533812494,0.31498829533812495
171,routine,1,0.1,3.1498829533812494,0.31498829533812495
241,using,1,0.1,3.1498829533812494,0.31498829533812495
249,especially,1,0.1,3.1498829533812494,0.31498829533812495
287,routine,1,0.1,3.1498829533812494,0.31498829533812495
301,routine,1,0.1,3.1498829533812494,0.31498829533812495
307,email,1,0.1,3.1498829533812494,0.31498829533812495
321,numbness,1,0.1,3.1498829533812494,0.31498829533812495
325,fit,1,0.1,3.1498829533812494,0.31498829533812495
325,note,1,0.1,3.1498829533812494,0.31498829533812495
75,make,1,0.08333333333333333,3.7784916128036232,0.31487430106696856
132,profile,1,0.08333333333333333,3.7784916128036232,0.31487430106696856
181,frequent,1,0.08333333333333333,3.7784916128036232,0.31487430106696856
211,keyboard,1,0.08333333333333333,3.7784916128036232,0.31487430106696856
211,seem,1,0.08333333333333333,3.7784916128036232,0.31487430106696856
217,standing,1,0.08333333333333333,3.7784916128036232,0.31487430106696856
13,contact,1,0.09090909090909091,3.4600378816850887,0.3145488983350081
191,showing,1,0.09090909090909091,3.4600378816850887,0.3145488983350081
244,need,1,0.09090909090909091,3.4600378816850887,0.3145488983350081
53,ago,1,0.07692307692307693,4.0661736852554045,0.31278259117349266
53,number,1,0.07692307692307693,4.0661736852554045,0.31278259117349266
53,surgery,1,0.07692307692307693,4.0661736852554045,0.31278259117349266
53,two,1,0.07692307692307693,4.0661736852554045,0.31278259117349266
144,without,1,0.07692307692307693,4.0661736852554045,0.31278259117349266
177,without,1,0.07692307692307693,4.0661736852554045,0.31278259117349266
228,asap,1,0.07692307692307693,4.0661736852554045,0.31278259117349266
228,requested,1,0.07692307692307693,4.0661736852554045,0.31278259117349266
228,since,1,0.07692307692307693,4.0661736852554045,0.31278259117349266
228,updates,1,0.07692307692307693,4.0661736852554045,0.31278259117349266
4,day,2,0.1111111111111111,2.8134107167600364,0.31260119075111514
46,day,2,0.1111111111111111,2.8134107167600364,0.31260119075111514
245,day,2,0.1111111111111111,2.8134107167600364,0.31260119075111514
303,day,2,0.1111111111111111,2.8134107167600364,0.31260119075111514
306,day,2,0.1111111111111111,2.8134107167600364,0.31260119075111514
342,day,2,0.1111111111111111,2.8134107167600364,0.31260119075111514
81,week,1,0.1111111111111111,2.8134107167600364,0.31260119075111514
81,worse,1,0.1111111111111111,2.8134107167600364,0.31260119075111514
84,worse,1,0.1111111111111111,2.8134107167600364,0.31260119075111514
90,worse,1,0.1111111111111111,2.8134107167600364,0.31260119075111514
149,chest,1,0.1111111111111111,2.8134107167600364,0.31260119075111514
152,support,1,0.1111111111111111,2.8134107167600364,0.31260119075111514
152,week,1,0.1111111111111111,2.8134107167600364,0.31260119075111514
188,worse,1,0.1111111111111111,2.8134107167600364,0.31260119075111514
198,support,1,0.1111111111111111,2.8134107167600364,0.31260119075111514
198,week,1,0.1111111111111111,2.8134107167600364,0.31260119075111514
262,chest,1,0.1111111111111111,2.8134107167600364,0.31260119075111514
278,worse,1,0.1111111111111111,2.8134107167600364,0.31260119075111514
304,still,1,0.1111111111111111,2.8134107167600364,0.31260119075111514
147,causing,1,0.125,2.4906373244969853,0.31132966556212316
182,causing,1,0.125,2.4906373244969853,0.31132966556212316
202,really,1,0.125,2.4906373244969853,0.31132966556212316
247,causing,1,0.125,2.4906373244969853,0.31132966556212316
289,can,2,0.14285714285714285,2.169053700369523,0.30986481433850327
173,can,1,0.14285714285714285,2.169053700369523,0.30986481433850327
257,can,1,0.14285714285714285,2.169053700369523,0.30986481433850327
334,can,1,0.14285714285714285,2.169053700369523,0.30986481433850327
5,common,1,0.1,3.0853444322436783,0.30853444322436785
5,verification,1,0.1,3.0853444322436783,0.30853444322436785
32,common,1,0.1,3.0853444322436783,0.30853444322436785
95,verification,1,0.1,3.0853444322436783,0.30853444322436785
126,becoming,1,0.1,3.0853444322436783,0.30853444322436785
145,common,1,0.1,3.0853444322436783,0.30853444322436785
166,common,1,0.1,3.0853444322436783,0.30853444322436785
213,common,1,0.1,3.0853444322436783,0.30853444322436785
251,becoming,1,0.1,3.0853444322436783,0.30853444322436785
251,common,1,0.1,3.0853444322436783,0.30853444322436785
307,verification,1,0.1,3.0853444322436783,0.30853444322436785
330,becoming,1,0.1,3.0853444322436783,0.30853444322436785
67,anything,1,0.1111111111111111,2.7668907011251433,0.30743230012501593
90,anything,1,0.1111111111111111,2.7668907011251433,0.30743230012501593
91,anything,1,0.1111111111111111,2.7668907011251433,0.30743230012501593
146,anything,1,0.1111111111111111,2.7668907011251433,0.30743230012501593
159,try,1,0.1111111111111111,2.7668907011251433,0.30743230012501593
186,anything,1,0.1111111111111111,2.7668907011251433,0.30743230012501593
188,anything,1,0.1111111111111111,2.7668907011251433,0.30743230012501593
262,anything,1,0.1111111111111111,2.7668907011251433,0.30743230012501593
292,anything,1,0.1111111111111111,2.7668907011251433,0.30743230012501593
50,sometimes,1,0.09090909090909091,3.373026504695459,0.3066387731541326
290,though,1,0.09090909090909091,3.373026504695459,0.3066387731541326
108,work,1,0.14285714285714285,2.1443610877791515,0.3063372982541645
210,work,1,0.14285714285714285,2.1443610877791515,0.3063372982541645
3,arm,1,0.08333333333333333,3.66070857714724,0.3050590480956033
75,knees,1,0.08333333333333333,3.66070857714724,0.3050590480956033
75,painful,1,0.08333333333333333,3.66070857714724,0.3050590480956033
77,asking,1,0.08333333333333333,3.66070857714724,0.3050590480956033
85,appointment,1,0.08333333333333333,3.66070857714724,0.3050590480956033
85,book,1,0.08333333333333333,3.66070857714724,0.3050590480956033
85,shows,1,0.08333333333333333,3.66070857714724,0.3050590480956033
132,shows,1,0.08333333333333333,3.66070857714724,0.3050590480956033
217,walking,1,0.08333333333333333,3.66070857714724,0.3050590480956033
337,chronic,1,0.08333333333333333,3.66070857714724,0.3050590480956033
40,attached,1,0.07142857142857142,4.248495242049359,0.3034639458606685
40,landscape,1,0.07142857142857142,4.248495242049359,0.3034639458606685
40,mode,1,0.07142857142857142,4.248495242049359,0.3034639458606685
40,problem,1,0.07142857142857142,4.248495242049359,0.3034639458606685
40,tablet,1,0.07142857142857142,4.248495242049359,0.3034639458606685
45,house,1,0.07142857142857142,4.248495242049359,0.3034639458606685
45,moved,1,0.07142857142857142,4.248495242049359,0.3034639458606685
83,describe,1,0.07142857142857142,4.248495242049359,0.3034639458606685
83,exactly,1,0.07142857142857142,4.248495242049359,0.3034639458606685
83,got,1,0.07142857142857142,4.248495242049359,0.3034639458606685
83,hurt,1,0.07142857142857142,4.248495242049359,0.3034639458606685
83,left,1,0.07142857142857142,4.248495242049359,0.3034639458606685
83,strange,1,0.07142857142857142,4.248495242049359,0.3034639458606685
123,explanation,1,0.07142857142857142,4.248495242049359,0.3034639458606685
123,gave,1,0.07142857142857142,4.248495242049359,0.3034639458606685
133,explanation,1,0.07142857142857142,4.248495242049359,0.3034639458606685
133,gave,1,0.07142857142857142,4.248495242049359,0.3034639458606685
165,also,1,0.07142857142857142,4.248495242049359,0.3034639458606685
165,exhausted,1,0.07142857142857142,4.248495242049359,0.3034639458606685
165,full,1,0.07142857142857142,4.248495242049359,0.3034639458606685
165,loss,1,0.07142857142857142,4.248495242049359,0.3034639458606685
165,unexplained,1,0.07142857142857142,4.248495242049359,0.3034639458606685
165,weight,1,0.07142857142857142,4.248495242049359,0.3034639458606685
207,eating,1,0.07142857142857142,4.248495242049359,0.3034639458606685
207,evening,1,0.07142857142857142,4.248495242049359,0.3034639458606685
207,fried,1,0.07142857142857142,4.248495242049359,0.3034639458606685
207,seems,1,0.07142857142857142,4.248495242049359,0.3034639458606685
285,filling,1,0.07142857142857142,4.248495242049359,0.3034639458606685
285,incredibly,1,0.07142857142857142,4.248495242049359,0.3034639458606685
285,middle,1,0.07142857142857142,4.248495242049359,0.3034639458606685
285,minutes,1,0.07142857142857142,4.248495242049359,0.3034639458606685
285,site,1,0.07142857142857142,4.248495242049359,0.3034639458606685
300,filling,1,0.07142857142857142,4.248495242049359,0.3034639458606685
300,incredibly,1,0.07142857142857142,4.248495242049359,0.3034639458606685
300,middle,1,0.07142857142857142,4.248495242049359,0.3034639458606685
300,minutes,1,0.07142857142857142,4.248495242049359,0.3034639458606685
300,site,1,0.07142857142857142,4.248495242049359,0.3034639458606685
304,one,1,0.1111111111111111,2.7224389385543097,0.3024932153949233
25,night,1,0.1,3.0247198104272432,0.3024719810427243
32,sharp,1,0.1,3.0247198104272432,0.3024719810427243
39,feel,1,0.1,3.0247198104272432,0.3024719810427243
57,sharp,1,0.1,3.0247198104272432,0.3024719810427243
73,night,1,0.1,3.0247198104272432,0.3024719810427243
145,feel,1,0.1,3.0247198104272432,0.3024719810427243
287,feel,1,0.1,3.0247198104272432,0.3024719810427243
345,feel,1,0.1,3.0247198104272432,0.3024719810427243
129,logging,1,0.07692307692307693,3.912023005428146,0.30092484657139584
144,feeling,1,0.07692307692307693,3.912023005428146,0.30092484657139584
177,logging,1,0.07692307692307693,3.912023005428146,0.30092484657139584
177,now,1,0.07692307692307693,3.912023005428146,0.30092484657139584
309,long,1,0.07692307692307693,3.912023005428146,0.30092484657139584
286,account,1,0.09090909090909091,3.2929837970219227,0.2993621633656293
79,wondering,1,0.125,2.392197251683733,0.2990246564604666
102,wondering,1,0.125,2.392197251683733,0.2990246564604666
104,wondering,1,0.125,2.392197251683733,0.2990246564604666
147,sure,1,0.125,2.392197251683733,0.2990246564604666
190,wondering,1,0.125,2.392197251683733,0.2990246564604666
247,affecting,1,0.125,2.392197251683733,0.2990246564604666
259,affecting,1,0.125,2.392197251683733,0.2990246564604666
274,wondering,1,0.125,2.392197251683733,0.2990246564604666
288,affecting,1,0.125,2.392197251683733,0.2990246564604666
288,wondering,1,0.125,2.392197251683733,0.2990246564604666
305,affecting,1,0.125,2.392197251683733,0.2990246564604666
315,wondering,1,0.125,2.392197251683733,0.2990246564604666
37,gone,1,0.06666666666666667,4.471638793363569,0.2981092528909046
37,list,1,0.06666666666666667,4.471638793363569,0.2981092528909046
37,meds,1,0.06666666666666667,4.471638793363569,0.2981092528909046
37,missing,1,0.06666666666666667,4.471638793363569,0.2981092528909046
37,reorder,1,0.06666666666666667,4.471638793363569,0.2981092528909046
41,away,1,0.06666666666666667,4.471638793363569,0.2981092528909046
41,heart,1,0.06666666666666667,4.471638793363569,0.2981092528909046
41,history,1,0.06666666666666667,4.471638793363569,0.2981092528909046
41,new,1,0.06666666666666667,4.471638793363569,0.2981092528909046
41,rest,1,0.06666666666666667,4.471638793363569,0.2981092528909046
41,severe,1,0.06666666666666667,4.471638793363569,0.2981092528909046
41,stairs,1,0.06666666666666667,4.471638793363569,0.2981092528909046
41,uncomfortable,1,0.06666666666666667,4.471638793363569,0.2981092528909046
55,aren,1,0.06666666666666667,4.471638793363569,0.2981092528909046
55,revert,1,0.06666666666666667,4.471638793363569,0.2981092528909046
55,saved,1,0.06666666666666667,4.471638793363569,0.2981092528909046
122,devices,1,0.06666666666666667,4.471638793363569,0.2981092528909046
122,sends,1,0.06666666666666667,4.471638793363569,0.2981092528909046
261,aren,1,0.06666666666666667,4.471638793363569,0.2981092528909046
261,revert,1,0.06666666666666667,4.471638793363569,0.2981092528909046
261,saved,1,0.06666666666666667,4.471638793363569,0.2981092528909046
313,arrives,1,0.06666666666666667,4.471638793363569,0.2981092528909046
313,folder,1,0.06666666666666667,4.471638793363569,0.2981092528909046
313,junk,1,0.06666666666666667,4.471638793363569,0.2981092528909046
313,link,1,0.06666666666666667,4.471638793363569,0.2981092528909046
313,nothing,1,0.06666666666666667,4.471638793363569,0.2981092528909046
313,tells,1,0.06666666666666667,4.471638793363569,0.2981092528909046
29,back,1,0.1111111111111111,2.6798793241355137,0.2977643693483904
29,hard,1,0.1111111111111111,2.6798793241355137,0.2977643693483904
49,hard,1,0.1111111111111111,2.6798793241355137,0.2977643693483904
76,hard,1,0.1111111111111111,2.6798793241355137,0.2977643693483904
80,hard,1,0.1111111111111111,2.6798793241355137,0.2977643693483904
82,tried,1,0.1111111111111111,2.6798793241355137,0.2977643693483904
84,hard,1,0.1111111111111111,2.6798793241355137,0.2977643693483904
149,hard,1,0.1111111111111111,2.6798793241355137,0.2977643693483904
192,back,1,0.1111111111111111,2.6798793241355137,0.2977643693483904
192,goes,1,0.1111111111111111,2.6798793241355137,0.2977643693483904
192,hard,1,0.1111111111111111,2.6798793241355137,0.2977643693483904
212,hard,1,0.1111111111111111,2.6798793241355137,0.2977643693483904
243,hard,1,0.1111111111111111,2.6798793241355137,0.2977643693483904
66,effects,1,0.0625,4.75932086581535,0.29745755411345937
66,medication,1,0.0625,4.75932086581535,0.29745755411345937
66,mildly,1,0.0625,4.75932086581535,0.29745755411345937
66,noticeable,1,0.0625,4.75932086581535,0.29745755411345937
66,quickly,1,0.0625,4.75932086581535,0.29745755411345937
66,related,1,0.0625,4.75932086581535,0.29745755411345937
66,side,1,0.0625,4.75932086581535,0.29745755411345937
187,entered,1,0.0625,4.75932086581535,0.29745755411345937
187,registering,1,0.0625,4.75932086581535,0.29745755411345937
187,verify,1,0.0625,4.75932086581535,0.29745755411345937
242,increasingly,1,0.0625,4.75932086581535,0.29745755411345937
242,mornings,1,0.0625,4.75932086581535,0.29745755411345937
242,particularly,1,0.0625,4.75932086581535,0.29745755411345937
242,popping,1,0.0625,4.75932086581535,0.29745755411345937
242,sound,1,0.0625,4.75932086581535,0.29745755411345937
242,stiff,1,0.0625,4.75932086581535,0.29745755411345937
242,walk,1,0.0625,4.75932086581535,0.29745755411345937
21,happened,1,0.1,2.9675613965872945,0.29675613965872943
39,happened,1,0.1,2.9675613965872945,0.29675613965872943
57,happened,1,0.1,2.9675613965872945,0.29675613965872943
89,badly,1,0.1,2.9675613965872945,0.29675613965872943
95,happened,1,0.1,2.9675613965872945,0.29675613965872943
126,happened,1,0.1,2.9675613965872945,0.29675613965872943
171,badly,1,0.1,2.9675613965872945,0.29675613965872943
249,happened,1,0.1,2.9675613965872945,0.29675613965872943
287,badly,1,0.1,2.9675613965872945,0.29675613965872943
299,idea,1,0.1,2.9675613965872945,0.29675613965872943
301,badly,1,0.1,2.9675613965872945,0.29675613965872943
307,idea,1,0.1,2.9675613965872945,0.29675613965872943
330,idea,1,0.1,2.9675613965872945,0.29675613965872943
345,idea,1,0.1,2.9675613965872945,0.29675613965872943
85,online,1,0.08333333333333333,3.5553480614894135,0.29627900512411776
85,updated,1,0.08333333333333333,3.5553480614894135,0.29627900512411776
132,changed,1,0.08333333333333333,3.5553480614894135,0.29627900512411776
181,headaches,1,0.08333333333333333,3.5553480614894135,0.29627900512411776
181,hours,1,0.08333333333333333,3.5553480614894135,0.29627900512411776
181,mostly,1,0.08333333333333333,3.5553480614894135,0.29627900512411776
343,headaches,1,0.08333333333333333,3.5553480614894135,0.29627900512411776
343,sleep,1,0.08333333333333333,3.5553480614894135,0.29627900512411776
16,even,1,0.14285714285714285,2.073743520565198,0.2962490743664568
70,even,1,0.14285714285714285,2.073743520565198,0.2962490743664568
189,even,1,0.14285714285714285,2.073743520565198,0.2962490743664568
314,even,1,0.14285714285714285,2.073743520565198,0.2962490743664568
334,even,1,0.14285714285714285,2.073743520565198,0.2962490743664568
7,day,2,0.10526315789473684,2.8134107167600364,0.29614849650105646
295,day,2,0.10526315789473684,2.8134107167600364,0.29614849650105646
310,day,2,0.10526315789473684,2.8134107167600364,0.29614849650105646
215,app,1,0.125,2.361425593016979,0.2951781991271224
232,app,1,0.125,2.361425593016979,0.2951781991271224
264,app,1,0.125,2.361425593016979,0.2951781991271224
81,last,1,0.1111111111111111,2.6390573296152584,0.2932285921794731
152,last,1,0.1111111111111111,2.6390573296152584,0.2932285921794731
174,every,1,0.1111111111111111,2.6390573296152584,0.2932285921794731
198,last,1,0.1111111111111111,2.6390573296152584,0.2932285921794731
43,discomfort,1,0.09090909090909091,3.2188758248682006,0.29262507498801826
62,shoulder,1,0.09090909090909091,3.2188758248682006,0.29262507498801826
335,shoulder,1,0.09090909090909091,3.2188758248682006,0.29262507498801826
25,finding,1,0.1,2.913494175317019,0.2913494175317019
25,manage,1,0.1,2.913494175317019,0.2913494175317019
73,finding,1,0.1,2.913494175317019,0.2913494175317019
73,manage,1,0.1,2.913494175317019,0.2913494175317019
200,prescription,1,0.1,2.913494175317019,0.2913494175317019
254,sorted,1,0.1,2.913494175317019,0.2913494175317019
260,sorted,1,0.1,2.913494175317019,0.2913494175317019
273,finding,1,0.1,2.913494175317019,0.2913494175317019
273,manage,1,0.1,2.913494175317019,0.2913494175317019
301,prescription,1,0.1,2.913494175317019,0.2913494175317019
319,sorted,1,0.1,2.913494175317019,0.2913494175317019
321,finding,1,0.1,2.913494175317019,0.2913494175317019
321,manage,1,0.1,2.913494175317019,0.2913494175317019
12,profile,1,0.07692307692307693,3.7784916128036232,0.2906532009848941
17,sent,1,0.07692307692307693,3.7784916128036232,0.2906532009848941
20,change,1,0.07692307692307693,3.7784916128036232,0.2906532009848941
100,help,1,0.07692307692307693,3.7784916128036232,0.2906532009848941
129,changes,1,0.07692307692307693,3.7784916128036232,0.2906532009848941
144,frequent,1,0.07692307692307693,3.7784916128036232,0.2906532009848941
177,change,1,0.07692307692307693,3.7784916128036232,0.2906532009848941
309,keyboard,1,0.07692307692307693,3.7784916128036232,0.2906532009848941
312,change,1,0.07692307692307693,3.7784916128036232,0.2906532009848941
96,asap,1,0.07142857142857142,4.0661736852554045,0.29044097751824316
96,requested,1,0.07142857142857142,4.0661736852554045,0.29044097751824316
96,since,1,0.07142857142857142,4.0661736852554045,0.29044097751824316
96,updates,1,0.07142857142857142,4.0661736852554045,0.29044097751824316
97,become,1,0.07142857142857142,4.0661736852554045,0.29044097751824316
167,can,2,0.13333333333333333,2.169053700369523,0.2892071600492698
90,like,1,0.1111111111111111,2.5998366164619773,0.2888707351624419
146,like,1,0.1111111111111111,2.5998366164619773,0.2888707351624419
186,like,1,0.1111111111111111,2.5998366164619773,0.2888707351624419
188,like,1,0.1111111111111111,2.5998366164619773,0.2888707351624419
262,like,1,0.1111111111111111,2.5998366164619773,0.2888707351624419
292,like,1,0.1111111111111111,2.5998366164619773,0.2888707351624419
1,need,1,0.08333333333333333,3.4600378816850887,0.28833649014042406
283,need,1,0.08333333333333333,3.4600378816850887,0.28833649014042406
291,need,1,0.08333333333333333,3.4600378816850887,0.28833649014042406
42,never,1,0.125,2.302585092994046,0.28782313662425574
92,never,1,0.125,2.302585092994046,0.28782313662425574
124,never,1,0.125,2.302585092994046,0.28782313662425574
157,never,1,0.125,2.302585092994046,0.28782313662425574
209,never,1,0.125,2.302585092994046,0.28782313662425574
305,never,1,0.125,2.302585092994046,0.28782313662425574
13,update,1,0.09090909090909091,3.1498829533812494,0.2863529957619318
43,routine,1,0.09090909090909091,3.1498829533812494,0.2863529957619318
169,especially,1,0.09090909090909091,3.1498829533812494,0.2863529957619318
169,routine,1,0.09090909090909091,3.1498829533812494,0.2863529957619318
223,abdominal,1,0.09090909090909091,3.1498829533812494,0.2863529957619318
223,cramps,1,0.09090909090909091,3.1498829533812494,0.2863529957619318
244,fit,1,0.09090909090909091,3.1498829533812494,0.2863529957619318
244,note,1,0.09090909090909091,3.1498829533812494,0.2863529957619318
250,especially,1,0.09090909090909091,3.1498829533812494,0.2863529957619318
286,address,1,0.09090909090909091,3.1498829533812494,0.2863529957619318
290,email,1,0.09090909090909091,3.1498829533812494,0.2863529957619318
290,routine,1,0.09090909090909091,3.1498829533812494,0.2863529957619318
294,gp,1,0.09090909090909091,3.1498829533812494,0.2863529957619318
294,old,1,0.09090909090909091,3.1498829533812494,0.2863529957619318
318,numbness,1,0.09090909090909091,3.1498829533812494,0.2863529957619318
318,using,1,0.09090909090909091,3.1498829533812494,0.2863529957619318
347,routine,1,0.09090909090909091,3.1498829533812494,0.2863529957619318
21,keeps,1,0.1,2.8622008809294686,0.28622008809294686
89,details,1,0.1,2.8622008809294686,0.28622008809294686
89,just,1,0.1,2.8622008809294686,0.28622008809294686
213,keeps,1,0.1,2.8622008809294686,0.28622008809294686
254,fingers,1,0.1,2.8622008809294686,0.28622008809294686
299,keeps,1,0.1,2.8622008809294686,0.28622008809294686
321,fingers,1,0.1,2.8622008809294686,0.28622008809294686
60,calling,1,0.06666666666666667,4.248495242049359,0.28323301613662394
60,clear,1,0.06666666666666667,4.248495242049359,0.28323301613662394
60,dead,1,0.06666666666666667,4.248495242049359,0.28323301613662394
60,initial,1,0.06666666666666667,4.248495242049359,0.28323301613662394
60,line,1,0.06666666666666667,4.248495242049359,0.28323301613662394
60,menu,1,0.06666666666666667,4.248495242049359,0.28323301613662394
60,way,1,0.06666666666666667,4.248495242049359,0.28323301613662394
99,confirmation,1,0.06666666666666667,4.248495242049359,0.28323301613662394
99,follow,1,0.06666666666666667,4.248495242049359,0.28323301613662394
99,haven,1,0.06666666666666667,4.248495242049359,0.28323301613662394
99,submitted,1,0.06666666666666667,4.248495242049359,0.28323301613662394
99,urgently,1,0.06666666666666667,4.248495242049359,0.28323301613662394
158,attached,1,0.06666666666666667,4.248495242049359,0.28323301613662394
158,landscape,1,0.06666666666666667,4.248495242049359,0.28323301613662394
158,mode,1,0.06666666666666667,4.248495242049359,0.28323301613662394
158,problem,1,0.06666666666666667,4.248495242049359,0.28323301613662394
158,tablet,1,0.06666666666666667,4.248495242049359,0.28323301613662394
195,days,1,0.06666666666666667,4.248495242049359,0.28323301613662394
195,repeat,1,0.06666666666666667,4.248495242049359,0.28323301613662394
195,service,1,0.06666666666666667,4.248495242049359,0.28323301613662394
195,unavailable,1,0.06666666666666667,4.248495242049359,0.28323301613662394
219,confirmation,1,0.06666666666666667,4.248495242049359,0.28323301613662394
219,follow,1,0.06666666666666667,4.248495242049359,0.28323301613662394
219,haven,1,0.06666666666666667,4.248495242049359,0.28323301613662394
219,submitted,1,0.06666666666666667,4.248495242049359,0.28323301613662394
219,urgently,1,0.06666666666666667,4.248495242049359,0.28323301613662394
341,attached,1,0.06666666666666667,4.248495242049359,0.28323301613662394
341,landscape,1,0.06666666666666667,4.248495242049359,0.28323301613662394
341,mode,1,0.06666666666666667,4.248495242049359,0.28323301613662394
341,problem,1,0.06666666666666667,4.248495242049359,0.28323301613662394
341,tablet,1,0.06666666666666667,4.248495242049359,0.28323301613662394
12,shows,1,0.07692307692307693,3.66070857714724,0.2815929674728646
20,code,1,0.07692307692307693,3.66070857714724,0.2815929674728646
78,saying,1,0.07692307692307693,3.66070857714724,0.2815929674728646
113,walking,1,0.07692307692307693,3.66070857714724,0.2815929674728646
134,asking,1,0.07692307692307693,3.66070857714724,0.2815929674728646
134,code,1,0.07692307692307693,3.66070857714724,0.2815929674728646
141,received,1,0.07692307692307693,3.66070857714724,0.2815929674728646
141,request,1,0.07692307692307693,3.66070857714724,0.2815929674728646
144,chronic,1,0.07692307692307693,3.66070857714724,0.2815929674728646
144,migraine,1,0.07692307692307693,3.66070857714724,0.2815929674728646
177,wrong,1,0.07692307692307693,3.66070857714724,0.2815929674728646
309,getting,1,0.07692307692307693,3.66070857714724,0.2815929674728646
312,code,1,0.07692307692307693,3.66070857714724,0.2815929674728646
105,day,2,0.1,2.8134107167600364,0.28134107167600364
25,worse,1,0.1,2.8134107167600364,0.28134107167600364
32,chest,1,0.1,2.8134107167600364,0.28134107167600364
57,chest,1,0.1,2.8134107167600364,0.28134107167600364
73,worse,1,0.1,2.8134107167600364,0.28134107167600364
166,day,1,0.1,2.8134107167600364,0.28134107167600364
241,support,1,0.1,2.8134107167600364,0.28134107167600364
249,day,1,0.1,2.8134107167600364,0.28134107167600364
325,week,1,0.1,2.8134107167600364,0.28134107167600364
64,though,1,0.08333333333333333,3.373026504695459,0.2810855420579549
75,sometimes,1,0.08333333333333333,3.373026504695459,0.2810855420579549
29,pain,1,0.1111111111111111,2.5257286443082556,0.2806365160342506
80,started,1,0.1111111111111111,2.5257286443082556,0.2806365160342506
81,pain,1,0.1111111111111111,2.5257286443082556,0.2806365160342506
81,started,1,0.1111111111111111,2.5257286443082556,0.2806365160342506
86,time,1,0.1111111111111111,2.5257286443082556,0.2806365160342506
106,started,1,0.1111111111111111,2.5257286443082556,0.2806365160342506
192,pain,1,0.1111111111111111,2.5257286443082556,0.2806365160342506
290,verification,1,0.09090909090909091,3.0853444322436783,0.280485857476698
344,common,1,0.09090909090909091,3.0853444322436783,0.280485857476698
142,arms,1,0.058823529411764705,4.75932086581535,0.2799600509303147
142,creams,1,0.058823529411764705,4.75932086581535,0.2799600509303147
142,eczema,1,0.058823529411764705,4.75932086581535,0.2799600509303147
142,flared,1,0.058823529411764705,4.75932086581535,0.2799600509303147
142,itchy,1,0.058823529411764705,4.75932086581535,0.2799600509303147
142,much,1,0.058823529411764705,4.75932086581535,0.2799600509303147
142,neck,1,0.058823529411764705,4.75932086581535,0.2799600509303147
142,patches,1,0.058823529411764705,4.75932086581535,0.2799600509303147
142,red,1,0.058823529411764705,4.75932086581535,0.2799600509303147
230,increasingly,1,0.058823529411764705,4.75932086581535,0.2799600509303147
230,mornings,1,0.058823529411764705,4.75932086581535,0.2799600509303147
230,particularly,1,0.058823529411764705,4.75932086581535,0.2799600509303147
230,popping,1,0.058823529411764705,4.75932086581535,0.2799600509303147
230,sound,1,0.058823529411764705,4.75932086581535,0.2799600509303147
230,stiff,1,0.058823529411764705,4.75932086581535,0.2799600509303147
230,walk,1,0.058823529411764705,4.75932086581535,0.2799600509303147
276,aren,1,0.0625,4.471638793363569,0.27947742458522307
276,revert,1,0.0625,4.471638793363569,0.27947742458522307
276,saved,1,0.0625,4.471638793363569,0.27947742458522307
97,regular,1,0.07142857142857142,3.912023005428146,0.279430214673439
135,now,1,0.07142857142857142,3.912023005428146,0.279430214673439
135,regular,1,0.07142857142857142,3.912023005428146,0.279430214673439
289,now,1,0.07142857142857142,3.912023005428146,0.279430214673439
289,regular,1,0.07142857142857142,3.912023005428146,0.279430214673439
140,experiencing,1,0.25,1.1130010261202095,0.27825025653005236
197,experiencing,1,0.25,1.1130010261202095,0.27825025653005236
298,experiencing,1,0.25,1.1130010261202095,0.27825025653005236
91,causing,1,0.1111111111111111,2.4906373244969853,0.276737480499665
184,causing,1,0.1111111111111111,2.4906373244969853,0.276737480499665
208,causing,1,0.1111111111111111,2.4906373244969853,0.276737480499665
253,causing,1,0.1111111111111111,2.4906373244969853,0.276737480499665
320,causing,1,0.1111111111111111,2.4906373244969853,0.276737480499665
328,causing,1,0.1111111111111111,2.4906373244969853,0.276737480499665
301,anything,1,0.1,2.7668907011251433,0.27668907011251437
43,sharp,1,0.09090909090909091,3.0247198104272432,0.2749745282206585
50,feel,1,0.09090909090909091,3.0247198104272432,0.2749745282206585
347,feel,1,0.09090909090909091,3.0247198104272432,0.2749745282206585
12,changed,1,0.07692307692307693,3.5553480614894135,0.27348831242226257
20,online,1,0.07692307692307693,3.5553480614894135,0.27348831242226257
53,changed,1,0.07692307692307693,3.5553480614894135,0.27348831242226257
312,online,1,0.07692307692307693,3.5553480614894135,0.27348831242226257
200,one,1,0.1,2.7224389385543097,0.27224389385543096
115,can,1,0.125,2.169053700369523,0.2711317125461904
236,can,1,0.125,2.169053700369523,0.2711317125461904
167,without,1,0.06666666666666667,4.0661736852554045,0.27107824568369365
170,without,1,0.06666666666666667,4.0661736852554045,0.27107824568369365
311,ago,1,0.06666666666666667,4.0661736852554045,0.27107824568369365
311,number,1,0.06666666666666667,4.0661736852554045,0.27107824568369365
311,surgery,1,0.06666666666666667,4.0661736852554045,0.27107824568369365
311,two,1,0.06666666666666667,4.0661736852554045,0.27107824568369365
40,keyboard,1,0.07142857142857142,3.7784916128036232,0.26989225805740163
40,seem,1,0.07142857142857142,3.7784916128036232,0.26989225805740163
97,standing,1,0.07142857142857142,3.7784916128036232,0.26989225805740163
123,change,1,0.07142857142857142,3.7784916128036232,0.26989225805740163
133,change,1,0.07142857142857142,3.7784916128036232,0.26989225805740163
207,make,1,0.07142857142857142,3.7784916128036232,0.26989225805740163
43,badly,1,0.09090909090909091,2.9675613965872945,0.2697783087806631
62,happened,1,0.09090909090909091,2.9675613965872945,0.2697783087806631
93,frustrating,1,0.09090909090909091,2.9675613965872945,0.2697783087806631
93,idea,1,0.09090909090909091,2.9675613965872945,0.2697783087806631
169,badly,1,0.09090909090909091,2.9675613965872945,0.2697783087806631
214,frustrating,1,0.09090909090909091,2.9675613965872945,0.2697783087806631
214,happened,1,0.09090909090909091,2.9675613965872945,0.2697783087806631
250,happened,1,0.09090909090909091,2.9675613965872945,0.2697783087806631
286,idea,1,0.09090909090909091,2.9675613965872945,0.2697783087806631
290,badly,1,0.09090909090909091,2.9675613965872945,0.2697783087806631
294,happened,1,0.09090909090909091,2.9675613965872945,0.2697783087806631
318,next,1,0.09090909090909091,2.9675613965872945,0.2697783087806631
335,idea,1,0.09090909090909091,2.9675613965872945,0.2697783087806631
344,frustrating,1,0.09090909090909091,2.9675613965872945,0.2697783087806631
347,badly,1,0.09090909090909091,2.9675613965872945,0.2697783087806631
3,shoulder,1,0.08333333333333333,3.2188758248682006,0.26823965207235
107,discomfort,1,0.08333333333333333,3.2188758248682006,0.26823965207235
6,work,1,0.125,2.1443610877791515,0.26804513597239393
148,work,1,0.125,2.1443610877791515,0.26804513597239393
183,work,1,0.125,2.1443610877791515,0.26804513597239393
237,work,1,0.125,2.1443610877791515,0.26804513597239393
247,work,1,0.125,2.1443610877791515,0.26804513597239393
288,work,1,0.125,2.1443610877791515,0.26804513597239393
305,work,1,0.125,2.1443610877791515,0.26804513597239393
316,work,1,0.125,2.1443610877791515,0.26804513597239393
5,tried,1,0.1,2.6798793241355137,0.2679879324135514
25,hard,1,0.1,2.6798793241355137,0.2679879324135514
73,hard,1,0.1,2.6798793241355137,0.2679879324135514
95,tried,1,0.1,2.6798793241355137,0.2679879324135514
166,back,1,0.1,2.6798793241355137,0.2679879324135514
249,back,1,0.1,2.6798793241355137,0.2679879324135514
273,hard,1,0.1,2.6798793241355137,0.2679879324135514
307,tried,1,0.1,2.6798793241355137,0.2679879324135514
321,hard,1,0.1,2.6798793241355137,0.2679879324135514
20,error,1,0.07692307692307693,3.4600378816850887,0.26615676012962225
53,phone,1,0.07692307692307693,3.4600378816850887,0.26615676012962225
53,showing,1,0.07692307692307693,3.4600378816850887,0.26615676012962225
78,message,1,0.07692307692307693,3.4600378816850887,0.26615676012962225
78,order,1,0.07692307692307693,3.4600378816850887,0.26615676012962225
141,need,1,0.07692307692307693,3.4600378816850887,0.26615676012962225
228,need,1,0.07692307692307693,3.4600378816850887,0.26615676012962225
312,error,1,0.07692307692307693,3.4600378816850887,0.26615676012962225
11,wondering,1,0.1111111111111111,2.392197251683733,0.26579969463152586
67,wondering,1,0.1111111111111111,2.392197251683733,0.26579969463152586
86,affecting,1,0.1111111111111111,2.392197251683733,0.26579969463152586
98,wondering,1,0.1111111111111111,2.392197251683733,0.26579969463152586
146,affecting,1,0.1111111111111111,2.392197251683733,0.26579969463152586
150,wondering,1,0.1111111111111111,2.392197251683733,0.26579969463152586
186,affecting,1,0.1111111111111111,2.392197251683733,0.26579969463152586
212,affecting,1,0.1111111111111111,2.392197251683733,0.26579969463152586
227,wondering,1,0.1111111111111111,2.392197251683733,0.26579969463152586
229,wondering,1,0.1111111111111111,2.392197251683733,0.26579969463152586
239,affecting,1,0.1111111111111111,2.392197251683733,0.26579969463152586
243,affecting,1,0.1111111111111111,2.392197251683733,0.26579969463152586
262,affecting,1,0.1111111111111111,2.392197251683733,0.26579969463152586
269,wondering,1,0.1111111111111111,2.392197251683733,0.26579969463152586
278,wondering,1,0.1111111111111111,2.392197251683733,0.26579969463152586
292,affecting,1,0.1111111111111111,2.392197251683733,0.26579969463152586
14,describe,1,0.0625,4.248495242049359,0.26553095262808496
14,exactly,1,0.0625,4.248495242049359,0.26553095262808496
14,got,1,0.0625,4.248495242049359,0.26553095262808496
14,hurt,1,0.0625,4.248495242049359,0.26553095262808496
14,left,1,0.0625,4.248495242049359,0.26553095262808496
14,strange,1,0.0625,4.248495242049359,0.26553095262808496
36,describe,1,0.0625,4.248495242049359,0.26553095262808496
36,exactly,1,0.0625,4.248495242049359,0.26553095262808496
36,got,1,0.0625,4.248495242049359,0.26553095262808496
36,hurt,1,0.0625,4.248495242049359,0.26553095262808496
36,left,1,0.0625,4.248495242049359,0.26553095262808496
36,strange,1,0.0625,4.248495242049359,0.26553095262808496
279,also,1,0.0625,4.248495242049359,0.26553095262808496
279,exhausted,1,0.0625,4.248495242049359,0.26553095262808496
279,full,1,0.0625,4.248495242049359,0.26553095262808496
279,loss,1,0.0625,4.248495242049359,0.26553095262808496
279,unexplained,1,0.0625,4.248495242049359,0.26553095262808496
279,weight,1,0.0625,4.248495242049359,0.26553095262808496
296,eating,1,0.0625,4.248495242049359,0.26553095262808496
296,evening,1,0.0625,4.248495242049359,0.26553095262808496
296,fried,1,0.0625,4.248495242049359,0.26553095262808496
296,seems,1,0.0625,4.248495242049359,0.26553095262808496
324,confirmation,1,0.0625,4.248495242049359,0.26553095262808496
324,follow,1,0.0625,4.248495242049359,0.26553095262808496
324,haven,1,0.0625,4.248495242049359,0.26553095262808496
324,submitted,1,0.0625,4.248495242049359,0.26553095262808496
324,urgently,1,0.0625,4.248495242049359,0.26553095262808496
326,house,1,0.0625,4.248495242049359,0.26553095262808496
326,moved,1,0.0625,4.248495242049359,0.26553095262808496
13,sorted,1,0.09090909090909091,2.913494175317019,0.26486310684700176
50,sorted,1,0.09090909090909091,2.913494175317019,0.26486310684700176
191,sorted,1,0.09090909090909091,2.913494175317019,0.26486310684700176
223,sorted,1,0.09090909090909091,2.913494175317019,0.26486310684700176
234,prescription,1,0.09090909090909091,2.913494175317019,0.26486310684700176
234,sorted,1,0.09090909090909091,2.913494175317019,0.26486310684700176
286,sorted,1,0.09090909090909091,2.913494175317019,0.26486310684700176
4,arms,1,0.05555555555555555,4.75932086581535,0.2644067147675194
4,creams,1,0.05555555555555555,4.75932086581535,0.2644067147675194
4,eczema,1,0.05555555555555555,4.75932086581535,0.2644067147675194
4,flared,1,0.05555555555555555,4.75932086581535,0.2644067147675194
4,itchy,1,0.05555555555555555,4.75932086581535,0.2644067147675194
4,much,1,0.05555555555555555,4.75932086581535,0.2644067147675194
4,neck,1,0.05555555555555555,4.75932086581535,0.2644067147675194
4,patches,1,0.05555555555555555,4.75932086581535,0.2644067147675194
4,red,1,0.05555555555555555,4.75932086581535,0.2644067147675194
271,arms,1,0.05555555555555555,4.75932086581535,0.2644067147675194
271,creams,1,0.05555555555555555,4.75932086581535,0.2644067147675194
271,eczema,1,0.05555555555555555,4.75932086581535,0.2644067147675194
271,flared,1,0.05555555555555555,4.75932086581535,0.2644067147675194
271,itchy,1,0.05555555555555555,4.75932086581535,0.2644067147675194
271,much,1,0.05555555555555555,4.75932086581535,0.2644067147675194
271,neck,1,0.05555555555555555,4.75932086581535,0.2644067147675194
271,patches,1,0.05555555555555555,4.75932086581535,0.2644067147675194
271,red,1,0.05555555555555555,4.75932086581535,0.2644067147675194
303,attacks,1,0.05555555555555555,4.75932086581535,0.2644067147675194
303,light,1,0.05555555555555555,4.75932086581535,0.2644067147675194
303,look,1,0.05555555555555555,4.75932086581535,0.2644067147675194
303,nauseous,1,0.05555555555555555,4.75932086581535,0.2644067147675194
325,last,1,0.1,2.6390573296152584,0.26390573296152586
120,couple,1,0.058823529411764705,4.471638793363569,0.26303757608020994
120,heat,1,0.058823529411764705,4.471638793363569,0.26303757608020994
120,improvement,1,0.058823529411764705,4.471638793363569,0.26303757608020994
120,lower,1,0.058823529411764705,4.471638793363569,0.26303757608020994
120,months,1,0.058823529411764705,4.471638793363569,0.26303757608020994
120,packs,1,0.058823529411764705,4.471638793363569,0.26303757608020994
120,periods,1,0.058823529411764705,4.471638793363569,0.26303757608020994
120,real,1,0.058823529411764705,4.471638793363569,0.26303757608020994
120,sitting,1,0.058823529411764705,4.471638793363569,0.26303757608020994
120,worsened,1,0.058823529411764705,4.471638793363569,0.26303757608020994
256,away,1,0.058823529411764705,4.471638793363569,0.26303757608020994
256,heart,1,0.058823529411764705,4.471638793363569,0.26303757608020994
256,history,1,0.058823529411764705,4.471638793363569,0.26303757608020994
256,new,1,0.058823529411764705,4.471638793363569,0.26303757608020994
256,rest,1,0.058823529411764705,4.471638793363569,0.26303757608020994
256,severe,1,0.058823529411764705,4.471638793363569,0.26303757608020994
256,stairs,1,0.058823529411764705,4.471638793363569,0.26303757608020994
256,uncomfortable,1,0.058823529411764705,4.471638793363569,0.26303757608020994
1,fit,1,0.08333333333333333,3.1498829533812494,0.2624902461151041
1,note,1,0.08333333333333333,3.1498829533812494,0.2624902461151041
3,routine,1,0.08333333333333333,3.1498829533812494,0.2624902461151041
27,routine,1,0.08333333333333333,3.1498829533812494,0.2624902461151041
64,email,1,0.08333333333333333,3.1498829533812494,0.2624902461151041
85,address,1,0.08333333333333333,3.1498829533812494,0.2624902461151041
85,old,1,0.08333333333333333,3.1498829533812494,0.2624902461151041
132,gp,1,0.08333333333333333,3.1498829533812494,0.2624902461151041
132,old,1,0.08333333333333333,3.1498829533812494,0.2624902461151041
132,routine,1,0.08333333333333333,3.1498829533812494,0.2624902461151041
211,using,1,0.08333333333333333,3.1498829533812494,0.2624902461151041
217,especially,1,0.08333333333333333,3.1498829533812494,0.2624902461151041
283,fit,1,0.08333333333333333,3.1498829533812494,0.2624902461151041
283,note,1,0.08333333333333333,3.1498829533812494,0.2624902461151041
291,fit,1,0.08333333333333333,3.1498829533812494,0.2624902461151041
291,note,1,0.08333333333333333,3.1498829533812494,0.2624902461151041
45,appointment,1,0.07142857142857142,3.66070857714724,0.2614791840819457
45,book,1,0.07142857142857142,3.66070857714724,0.2614791840819457
45,shows,1,0.07142857142857142,3.66070857714724,0.2614791840819457
83,arm,1,0.07142857142857142,3.66070857714724,0.2614791840819457
123,code,1,0.07142857142857142,3.66070857714724,0.2614791840819457
133,code,1,0.07142857142857142,3.66070857714724,0.2614791840819457
37,now,1,0.06666666666666667,3.912023005428146,0.26080153369520975
37,regular,1,0.06666666666666667,3.912023005428146,0.26080153369520975
55,logging,1,0.06666666666666667,3.912023005428146,0.26080153369520975
167,logging,1,0.06666666666666667,3.912023005428146,0.26080153369520975
167,now,1,0.06666666666666667,3.912023005428146,0.26080153369520975
170,feeling,1,0.06666666666666667,3.912023005428146,0.26080153369520975
261,logging,1,0.06666666666666667,3.912023005428146,0.26080153369520975
13,details,1,0.09090909090909091,2.8622008809294686,0.26020008008449713
13,just,1,0.09090909090909091,2.8622008809294686,0.26020008008449713
93,just,1,0.09090909090909091,2.8622008809294686,0.26020008008449713
214,just,1,0.09090909090909091,2.8622008809294686,0.26020008008449713
250,feels,1,0.09090909090909091,2.8622008809294686,0.26020008008449713
318,fingers,1,0.09090909090909091,2.8622008809294686,0.26020008008449713
344,just,1,0.09090909090909091,2.8622008809294686,0.26020008008449713
32,like,1,0.1,2.5998366164619773,0.25998366164619774
57,like,1,0.1,2.5998366164619773,0.25998366164619774
17,password,1,0.07692307692307693,3.373026504695459,0.2594635772842661
134,different,1,0.07692307692307693,3.373026504695459,0.2594635772842661
134,multiple,1,0.07692307692307693,3.373026504695459,0.2594635772842661
144,sometimes,1,0.07692307692307693,3.373026504695459,0.2594635772842661
28,even,1,0.125,2.073743520565198,0.25921794007064974
88,even,1,0.125,2.073743520565198,0.25921794007064974
115,even,1,0.125,2.073743520565198,0.25921794007064974
178,even,1,0.125,2.073743520565198,0.25921794007064974
339,even,1,0.125,2.073743520565198,0.25921794007064974
340,even,1,0.125,2.073743520565198,0.25921794007064974
64,verification,1,0.08333333333333333,3.0853444322436783,0.2571120360203065
181,becoming,1,0.08333333333333333,3.0853444322436783,0.2571120360203065
291,common,1,0.08333333333333333,3.0853444322436783,0.2571120360203065
90,never,1,0.1111111111111111,2.302585092994046,0.2558427881104495
111,never,1,0.1111111111111111,2.302585092994046,0.2558427881104495
127,never,1,0.1111111111111111,2.302585092994046,0.2558427881104495
146,never,1,0.1111111111111111,2.302585092994046,0.2558427881104495
186,never,1,0.1111111111111111,2.302585092994046,0.2558427881104495
188,never,1,0.1111111111111111,2.302585092994046,0.2558427881104495
222,never,1,0.1111111111111111,2.302585092994046,0.2558427881104495
231,never,1,0.1111111111111111,2.302585092994046,0.2558427881104495
262,never,1,0.1111111111111111,2.302585092994046,0.2558427881104495
292,never,1,0.1111111111111111,2.302585092994046,0.2558427881104495
43,chest,1,0.09090909090909091,2.8134107167600364,0.25576461061454875
62,week,1,0.09090909090909091,2.8134107167600364,0.25576461061454875
62,worse,1,0.09090909090909091,2.8134107167600364,0.25576461061454875
93,support,1,0.09090909090909091,2.8134107167600364,0.25576461061454875
169,day,1,0.09090909090909091,2.8134107167600364,0.25576461061454875
214,support,1,0.09090909090909091,2.8134107167600364,0.25576461061454875
294,still,1,0.09090909090909091,2.8134107167600364,0.25576461061454875
335,week,1,0.09090909090909091,2.8134107167600364,0.25576461061454875
335,worse,1,0.09090909090909091,2.8134107167600364,0.25576461061454875
344,support,1,0.09090909090909091,2.8134107167600364,0.25576461061454875
66,become,1,0.0625,4.0661736852554045,0.2541358553284628
187,without,1,0.0625,4.0661736852554045,0.2541358553284628
242,become,1,0.0625,4.0661736852554045,0.2541358553284628
45,online,1,0.07142857142857142,3.5553480614894135,0.2539534329635295
45,updated,1,0.07142857142857142,3.5553480614894135,0.2539534329635295
83,tingling,1,0.07142857142857142,3.5553480614894135,0.2539534329635295
123,online,1,0.07142857142857142,3.5553480614894135,0.2539534329635295
133,online,1,0.07142857142857142,3.5553480614894135,0.2539534329635295
165,headaches,1,0.07142857142857142,3.5553480614894135,0.2539534329635295
165,sleep,1,0.07142857142857142,3.5553480614894135,0.2539534329635295
207,mostly,1,0.07142857142857142,3.5553480614894135,0.2539534329635295
8,log,1,0.07692307692307693,3.2929837970219227,0.2533064459247633
53,account,1,0.07692307692307693,3.2929837970219227,0.2533064459247633
177,account,1,0.07692307692307693,3.2929837970219227,0.2533064459247633
336,log,1,0.07692307692307693,3.2929837970219227,0.2533064459247633
166,pain,1,0.1,2.5257286443082556,0.25257286443082555
249,pain,1,0.1,2.5257286443082556,0.25257286443082555
254,time,1,0.1,2.5257286443082556,0.25257286443082555
260,started,1,0.1,2.5257286443082556,0.25257286443082555
107,sharp,1,0.08333333333333333,3.0247198104272432,0.25205998420227027
337,feel,1,0.08333333333333333,3.0247198104272432,0.25205998420227027
343,feel,1,0.08333333333333333,3.0247198104272432,0.25205998420227027
343,night,1,0.08333333333333333,3.0247198104272432,0.25205998420227027
55,changes,1,0.06666666666666667,3.7784916128036232,0.25189944085357485
60,help,1,0.06666666666666667,3.7784916128036232,0.25189944085357485
158,keyboard,1,0.06666666666666667,3.7784916128036232,0.25189944085357485
158,seem,1,0.06666666666666667,3.7784916128036232,0.25189944085357485
167,change,1,0.06666666666666667,3.7784916128036232,0.25189944085357485
170,frequent,1,0.06666666666666667,3.7784916128036232,0.25189944085357485
261,changes,1,0.06666666666666667,3.7784916128036232,0.25189944085357485
313,sent,1,0.06666666666666667,3.7784916128036232,0.25189944085357485
341,keyboard,1,0.06666666666666667,3.7784916128036232,0.25189944085357485
341,seem,1,0.06666666666666667,3.7784916128036232,0.25189944085357485
234,anything,1,0.09090909090909091,2.7668907011251433,0.2515355182841039
295,effects,1,0.05263157894736842,4.75932086581535,0.2504905718850184
295,medication,1,0.05263157894736842,4.75932086581535,0.2504905718850184
295,mildly,1,0.05263157894736842,4.75932086581535,0.2504905718850184
295,noticeable,1,0.05263157894736842,4.75932086581535,0.2504905718850184
295,quickly,1,0.05263157894736842,4.75932086581535,0.2504905718850184
295,related,1,0.05263157894736842,4.75932086581535,0.2504905718850184
295,side,1,0.05263157894736842,4.75932086581535,0.2504905718850184
18,calling,1,0.058823529411764705,4.248495242049359,0.2499114848264329
18,clear,1,0.058823529411764705,4.248495242049359,0.2499114848264329
18,dead,1,0.058823529411764705,4.248495242049359,0.2499114848264329
18,initial,1,0.058823529411764705,4.248495242049359,0.2499114848264329
18,line,1,0.058823529411764705,4.248495242049359,0.2499114848264329
18,menu,1,0.058823529411764705,4.248495242049359,0.2499114848264329
18,way,1,0.058823529411764705,4.248495242049359,0.2499114848264329
72,days,1,0.058823529411764705,4.248495242049359,0.2499114848264329
72,repeat,1,0.058823529411764705,4.248495242049359,0.2499114848264329
72,service,1,0.058823529411764705,4.248495242049359,0.2499114848264329
72,unavailable,1,0.058823529411764705,4.248495242049359,0.2499114848264329
128,also,1,0.058823529411764705,4.248495242049359,0.2499114848264329
128,exhausted,1,0.058823529411764705,4.248495242049359,0.2499114848264329
128,full,1,0.058823529411764705,4.248495242049359,0.2499114848264329
128,loss,1,0.058823529411764705,4.248495242049359,0.2499114848264329
128,unexplained,1,0.058823529411764705,4.248495242049359,0.2499114848264329
128,weight,1,0.058823529411764705,4.248495242049359,0.2499114848264329
139,house,1,0.058823529411764705,4.248495242049359,0.2499114848264329
139,moved,1,0.058823529411764705,4.248495242049359,0.2499114848264329
163,days,1,0.058823529411764705,4.248495242049359,0.2499114848264329
163,repeat,1,0.058823529411764705,4.248495242049359,0.2499114848264329
163,service,1,0.058823529411764705,4.248495242049359,0.2499114848264329
163,unavailable,1,0.058823529411764705,4.248495242049359,0.2499114848264329
193,also,1,0.058823529411764705,4.248495242049359,0.2499114848264329
193,exhausted,1,0.058823529411764705,4.248495242049359,0.2499114848264329
193,full,1,0.058823529411764705,4.248495242049359,0.2499114848264329
193,loss,1,0.058823529411764705,4.248495242049359,0.2499114848264329
193,unexplained,1,0.058823529411764705,4.248495242049359,0.2499114848264329
193,weight,1,0.058823529411764705,4.248495242049359,0.2499114848264329
225,house,1,0.058823529411764705,4.248495242049359,0.2499114848264329
225,moved,1,0.058823529411764705,4.248495242049359,0.2499114848264329
238,describe,1,0.058823529411764705,4.248495242049359,0.2499114848264329
238,exactly,1,0.058823529411764705,4.248495242049359,0.2499114848264329
238,got,1,0.058823529411764705,4.248495242049359,0.2499114848264329
238,hurt,1,0.058823529411764705,4.248495242049359,0.2499114848264329
238,left,1,0.058823529411764705,4.248495242049359,0.2499114848264329
238,strange,1,0.058823529411764705,4.248495242049359,0.2499114848264329
302,describe,1,0.058823529411764705,4.248495242049359,0.2499114848264329
302,exactly,1,0.058823529411764705,4.248495242049359,0.2499114848264329
302,got,1,0.058823529411764705,4.248495242049359,0.2499114848264329
302,hurt,1,0.058823529411764705,4.248495242049359,0.2499114848264329
302,left,1,0.058823529411764705,4.248495242049359,0.2499114848264329
302,strange,1,0.058823529411764705,4.248495242049359,0.2499114848264329
331,crashes,1,0.058823529411764705,4.248495242049359,0.2499114848264329
331,latest,1,0.058823529411764705,4.248495242049359,0.2499114848264329
331,luck,1,0.058823529411764705,4.248495242049359,0.2499114848264329
331,nhs,1,0.058823529411764705,4.248495242049359,0.2499114848264329
331,open,1,0.058823529411764705,4.248495242049359,0.2499114848264329
331,restarted,1,0.058823529411764705,4.248495242049359,0.2499114848264329
331,trying,1,0.058823529411764705,4.248495242049359,0.2499114848264329
331,version,1,0.058823529411764705,4.248495242049359,0.2499114848264329
254,get,1,0.1,2.4906373244969853,0.24906373244969854
260,get,1,0.1,2.4906373244969853,0.24906373244969854
299,causing,1,0.1,2.4906373244969853,0.24906373244969854
307,causing,1,0.1,2.4906373244969853,0.24906373244969854
319,get,1,0.1,2.4906373244969853,0.24906373244969854
330,causing,1,0.1,2.4906373244969853,0.24906373244969854
345,causing,1,0.1,2.4906373244969853,0.24906373244969854
54,away,1,0.05555555555555555,4.471638793363569,0.24842437740908715
54,heart,1,0.05555555555555555,4.471638793363569,0.24842437740908715
54,history,1,0.05555555555555555,4.471638793363569,0.24842437740908715
54,new,1,0.05555555555555555,4.471638793363569,0.24842437740908715
54,rest,1,0.05555555555555555,4.471638793363569,0.24842437740908715
54,severe,1,0.05555555555555555,4.471638793363569,0.24842437740908715
54,stairs,1,0.05555555555555555,4.471638793363569,0.24842437740908715
54,uncomfortable,1,0.05555555555555555,4.471638793363569,0.24842437740908715
130,arrives,1,0.05555555555555555,4.471638793363569,0.24842437740908715
130,folder,1,0.05555555555555555,4.471638793363569,0.24842437740908715
130,junk,1,0.05555555555555555,4.471638793363569,0.24842437740908715
130,link,1,0.05555555555555555,4.471638793363569,0.24842437740908715
130,nothing,1,0.05555555555555555,4.471638793363569,0.24842437740908715
130,tells,1,0.05555555555555555,4.471638793363569,0.24842437740908715
136,almost,1,0.05555555555555555,4.471638793363569,0.24842437740908715
136,expired,1,0.05555555555555555,4.471638793363569,0.24842437740908715
136,logged,1,0.05555555555555555,4.471638793363569,0.24842437740908715
136,session,1,0.05555555555555555,4.471638793363569,0.24842437740908715
179,devices,1,0.05555555555555555,4.471638793363569,0.24842437740908715
179,sends,1,0.05555555555555555,4.471638793363569,0.24842437740908715
194,almost,1,0.05555555555555555,4.471638793363569,0.24842437740908715
194,expired,1,0.05555555555555555,4.471638793363569,0.24842437740908715
194,logged,1,0.05555555555555555,4.471638793363569,0.24842437740908715
194,session,1,0.05555555555555555,4.471638793363569,0.24842437740908715
245,devices,1,0.05555555555555555,4.471638793363569,0.24842437740908715
245,sends,1,0.05555555555555555,4.471638793363569,0.24842437740908715
306,arrives,1,0.05555555555555555,4.471638793363569,0.24842437740908715
306,folder,1,0.05555555555555555,4.471638793363569,0.24842437740908715
306,junk,1,0.05555555555555555,4.471638793363569,0.24842437740908715
306,link,1,0.05555555555555555,4.471638793363569,0.24842437740908715
306,nothing,1,0.05555555555555555,4.471638793363569,0.24842437740908715
306,tells,1,0.05555555555555555,4.471638793363569,0.24842437740908715
309,resolved,1,0.07692307692307693,3.2188758248682006,0.2476058326821693
312,resolved,1,0.07692307692307693,3.2188758248682006,0.2476058326821693
336,resolved,1,0.07692307692307693,3.2188758248682006,0.2476058326821693
294,one,1,0.09090909090909091,2.7224389385543097,0.24749444895948272
1,idea,1,0.08333333333333333,2.9675613965872945,0.2472967830489412
3,badly,1,0.08333333333333333,2.9675613965872945,0.2472967830489412
27,badly,1,0.08333333333333333,2.9675613965872945,0.2472967830489412
27,frustrating,1,0.08333333333333333,2.9675613965872945,0.2472967830489412
132,badly,1,0.08333333333333333,2.9675613965872945,0.2472967830489412
211,next,1,0.08333333333333333,2.9675613965872945,0.2472967830489412
283,happened,1,0.08333333333333333,2.9675613965872945,0.2472967830489412
96,need,1,0.07142857142857142,3.4600378816850887,0.24714556297750634
123,error,1,0.07142857142857142,3.4600378816850887,0.24714556297750634
133,error,1,0.07142857142857142,3.4600378816850887,0.24714556297750634
66,regular,1,0.0625,3.912023005428146,0.24450143783925912
187,logging,1,0.0625,3.912023005428146,0.24450143783925912
187,now,1,0.0625,3.912023005428146,0.24450143783925912
276,logging,1,0.0625,3.912023005428146,0.24450143783925912
41,walking,1,0.06666666666666667,3.66070857714724,0.24404723847648266
99,received,1,0.06666666666666667,3.66070857714724,0.24404723847648266
99,request,1,0.06666666666666667,3.66070857714724,0.24404723847648266
122,asking,1,0.06666666666666667,3.66070857714724,0.24404723847648266
122,code,1,0.06666666666666667,3.66070857714724,0.24404723847648266
167,wrong,1,0.06666666666666667,3.66070857714724,0.24404723847648266
170,chronic,1,0.06666666666666667,3.66070857714724,0.24404723847648266
170,migraine,1,0.06666666666666667,3.66070857714724,0.24404723847648266
195,saying,1,0.06666666666666667,3.66070857714724,0.24404723847648266
219,received,1,0.06666666666666667,3.66070857714724,0.24404723847648266
219,request,1,0.06666666666666667,3.66070857714724,0.24404723847648266
169,back,1,0.09090909090909091,2.6798793241355137,0.24362539310322853
250,issues,1,0.09090909090909091,2.6798793241355137,0.24362539310322853
290,tried,1,0.09090909090909091,2.6798793241355137,0.24362539310322853
64,sorted,1,0.08333333333333333,2.913494175317019,0.24279118127641824
77,sorted,1,0.08333333333333333,2.913494175317019,0.24279118127641824
107,sorted,1,0.08333333333333333,2.913494175317019,0.24279118127641824
181,sorted,1,0.08333333333333333,2.913494175317019,0.24279118127641824
217,sorted,1,0.08333333333333333,2.913494175317019,0.24279118127641824
337,sorted,1,0.08333333333333333,2.913494175317019,0.24279118127641824
12,gp,1,0.07692307692307693,3.1498829533812494,0.24229868872163457
12,old,1,0.07692307692307693,3.1498829533812494,0.24229868872163457
17,system,1,0.07692307692307693,3.1498829533812494,0.24229868872163457
20,gp,1,0.07692307692307693,3.1498829533812494,0.24229868872163457
20,system,1,0.07692307692307693,3.1498829533812494,0.24229868872163457
53,gp,1,0.07692307692307693,3.1498829533812494,0.24229868872163457
53,old,1,0.07692307692307693,3.1498829533812494,0.24229868872163457
61,especially,1,0.07692307692307693,3.1498829533812494,0.24229868872163457
129,update,1,0.07692307692307693,3.1498829533812494,0.24229868872163457
141,fit,1,0.07692307692307693,3.1498829533812494,0.24229868872163457
141,note,1,0.07692307692307693,3.1498829533812494,0.24229868872163457
177,email,1,0.07692307692307693,3.1498829533812494,0.24229868872163457
228,fit,1,0.07692307692307693,3.1498829533812494,0.24229868872163457
228,note,1,0.07692307692307693,3.1498829533812494,0.24229868872163457
228,routine,1,0.07692307692307693,3.1498829533812494,0.24229868872163457
309,numbness,1,0.07692307692307693,3.1498829533812494,0.24229868872163457
309,using,1,0.07692307692307693,3.1498829533812494,0.24229868872163457
312,gp,1,0.07692307692307693,3.1498829533812494,0.24229868872163457
312,system,1,0.07692307692307693,3.1498829533812494,0.24229868872163457
111,can,1,0.1111111111111111,2.169053700369523,0.24100596670772478
198,can,1,0.1111111111111111,2.169053700369523,0.24100596670772478
229,can,1,0.1111111111111111,2.169053700369523,0.24100596670772478
253,can,1,0.1111111111111111,2.169053700369523,0.24100596670772478
62,last,1,0.09090909090909091,2.6390573296152584,0.23991430269229622
250,every,1,0.09090909090909091,2.6390573296152584,0.23991430269229622
335,last,1,0.09090909090909091,2.6390573296152584,0.23991430269229622
5,wondering,1,0.1,2.392197251683733,0.2392197251683733
32,wondering,1,0.1,2.392197251683733,0.2392197251683733
89,affecting,1,0.1,2.392197251683733,0.2392197251683733
145,wondering,1,0.1,2.392197251683733,0.2392197251683733
166,wondering,1,0.1,2.392197251683733,0.2392197251683733
171,affecting,1,0.1,2.392197251683733,0.2392197251683733
213,wondering,1,0.1,2.392197251683733,0.2392197251683733
251,wondering,1,0.1,2.392197251683733,0.2392197251683733
260,affecting,1,0.1,2.392197251683733,0.2392197251683733
273,affecting,1,0.1,2.392197251683733,0.2392197251683733
287,affecting,1,0.1,2.392197251683733,0.2392197251683733
301,affecting,1,0.1,2.392197251683733,0.2392197251683733
321,affecting,1,0.1,2.392197251683733,0.2392197251683733
35,ago,1,0.058823529411764705,4.0661736852554045,0.23918668736796497
35,number,1,0.058823529411764705,4.0661736852554045,0.23918668736796497
35,surgery,1,0.058823529411764705,4.0661736852554045,0.23918668736796497
35,two,1,0.058823529411764705,4.0661736852554045,0.23918668736796497
230,become,1,0.058823529411764705,4.0661736852554045,0.23918668736796497
246,ago,1,0.058823529411764705,4.0661736852554045,0.23918668736796497
246,number,1,0.058823529411764705,4.0661736852554045,0.23918668736796497
246,surgery,1,0.058823529411764705,4.0661736852554045,0.23918668736796497
246,two,1,0.058823529411764705,4.0661736852554045,0.23918668736796497
27,just,1,0.08333333333333333,2.8622008809294686,0.2385167400774557
77,keeps,1,0.08333333333333333,2.8622008809294686,0.2385167400774557
29,work,1,0.1111111111111111,2.1443610877791515,0.23826234308657238
49,work,1,0.1111111111111111,2.1443610877791515,0.23826234308657238
76,work,1,0.1111111111111111,2.1443610877791515,0.23826234308657238
80,work,1,0.1111111111111111,2.1443610877791515,0.23826234308657238
84,work,1,0.1111111111111111,2.1443610877791515,0.23826234308657238
98,work,1,0.1111111111111111,2.1443610877791515,0.23826234308657238
106,work,1,0.1111111111111111,2.1443610877791515,0.23826234308657238
149,work,1,0.1111111111111111,2.1443610877791515,0.23826234308657238
184,work,1,0.1111111111111111,2.1443610877791515,0.23826234308657238
192,work,1,0.1111111111111111,2.1443610877791515,0.23826234308657238
212,work,1,0.1111111111111111,2.1443610877791515,0.23826234308657238
222,work,1,0.1111111111111111,2.1443610877791515,0.23826234308657238
243,work,1,0.1111111111111111,2.1443610877791515,0.23826234308657238
134,verification,1,0.07692307692307693,3.0853444322436783,0.23733418709566756
144,becoming,1,0.07692307692307693,3.0853444322436783,0.23733418709566756
311,changed,1,0.06666666666666667,3.5553480614894135,0.23702320409929423
43,like,1,0.09090909090909091,2.5998366164619773,0.23634878331472522
66,standing,1,0.0625,3.7784916128036232,0.23615572580022645
187,change,1,0.0625,3.7784916128036232,0.23615572580022645
242,make,1,0.0625,3.7784916128036232,0.23615572580022645
276,changes,1,0.0625,3.7784916128036232,0.23615572580022645
296,make,1,0.0625,3.7784916128036232,0.23615572580022645
21,app,1,0.1,2.361425593016979,0.23614255930169792
213,app,1,0.1,2.361425593016979,0.23614255930169792
241,app,1,0.1,2.361425593016979,0.23614255930169792
254,hoping,1,0.1,2.361425593016979,0.23614255930169792
254,soon,1,0.1,2.361425593016979,0.23614255930169792
260,hoping,1,0.1,2.361425593016979,0.23614255930169792
260,soon,1,0.1,2.361425593016979,0.23614255930169792
299,app,1,0.1,2.361425593016979,0.23614255930169792
319,hoping,1,0.1,2.361425593016979,0.23614255930169792
319,soon,1,0.1,2.361425593016979,0.23614255930169792
44,days,1,0.05555555555555555,4.248495242049359,0.23602751344718662
44,repeat,1,0.05555555555555555,4.248495242049359,0.23602751344718662
44,service,1,0.05555555555555555,4.248495242049359,0.23602751344718662
44,unavailable,1,0.05555555555555555,4.248495242049359,0.23602751344718662
46,calling,1,0.05555555555555555,4.248495242049359,0.23602751344718662
46,clear,1,0.05555555555555555,4.248495242049359,0.23602751344718662
46,dead,1,0.05555555555555555,4.248495242049359,0.23602751344718662
46,initial,1,0.05555555555555555,4.248495242049359,0.23602751344718662
46,line,1,0.05555555555555555,4.248495242049359,0.23602751344718662
46,menu,1,0.05555555555555555,4.248495242049359,0.23602751344718662
46,way,1,0.05555555555555555,4.248495242049359,0.23602751344718662
201,eating,1,0.05555555555555555,4.248495242049359,0.23602751344718662
201,evening,1,0.05555555555555555,4.248495242049359,0.23602751344718662
201,fried,1,0.05555555555555555,4.248495242049359,0.23602751344718662
201,seems,1,0.05555555555555555,4.248495242049359,0.23602751344718662
220,eating,1,0.05555555555555555,4.248495242049359,0.23602751344718662
220,evening,1,0.05555555555555555,4.248495242049359,0.23602751344718662
220,fried,1,0.05555555555555555,4.248495242049359,0.23602751344718662
220,seems,1,0.05555555555555555,4.248495242049359,0.23602751344718662
275,calling,1,0.05555555555555555,4.248495242049359,0.23602751344718662
275,clear,1,0.05555555555555555,4.248495242049359,0.23602751344718662
275,dead,1,0.05555555555555555,4.248495242049359,0.23602751344718662
275,initial,1,0.05555555555555555,4.248495242049359,0.23602751344718662
275,line,1,0.05555555555555555,4.248495242049359,0.23602751344718662
275,menu,1,0.05555555555555555,4.248495242049359,0.23602751344718662
275,way,1,0.05555555555555555,4.248495242049359,0.23602751344718662
87,almost,1,0.05263157894736842,4.471638793363569,0.23534941017702993
87,expired,1,0.05263157894736842,4.471638793363569,0.23534941017702993
87,logged,1,0.05263157894736842,4.471638793363569,0.23534941017702993
87,session,1,0.05263157894736842,4.471638793363569,0.23534941017702993
310,almost,1,0.05263157894736842,4.471638793363569,0.23534941017702993
310,expired,1,0.05263157894736842,4.471638793363569,0.23534941017702993
310,logged,1,0.05263157894736842,4.471638793363569,0.23534941017702993
310,session,1,0.05263157894736842,4.471638793363569,0.23534941017702993
97,dizziness,1,0.07142857142857142,3.2929837970219227,0.23521312835870875
285,log,1,0.07142857142857142,3.2929837970219227,0.23521312835870875
300,log,1,0.07142857142857142,3.2929837970219227,0.23521312835870875
1,week,1,0.08333333333333333,2.8134107167600364,0.23445089306333636
3,week,1,0.08333333333333333,2.8134107167600364,0.23445089306333636
3,worse,1,0.08333333333333333,2.8134107167600364,0.23445089306333636
27,support,1,0.08333333333333333,2.8134107167600364,0.23445089306333636
85,still,1,0.08333333333333333,2.8134107167600364,0.23445089306333636
107,chest,1,0.08333333333333333,2.8134107167600364,0.23445089306333636
132,still,1,0.08333333333333333,2.8134107167600364,0.23445089306333636
211,support,1,0.08333333333333333,2.8134107167600364,0.23445089306333636
217,day,1,0.08333333333333333,2.8134107167600364,0.23445089306333636
283,week,1,0.08333333333333333,2.8134107167600364,0.23445089306333636
291,week,1,0.08333333333333333,2.8134107167600364,0.23445089306333636
99,need,1,0.06666666666666667,3.4600378816850887,0.23066919211233924
195,message,1,0.06666666666666667,3.4600378816850887,0.23066919211233924
195,order,1,0.06666666666666667,3.4600378816850887,0.23066919211233924
219,need,1,0.06666666666666667,3.4600378816850887,0.23066919211233924
311,phone,1,0.06666666666666667,3.4600378816850887,0.23066919211233924
311,showing,1,0.06666666666666667,3.4600378816850887,0.23066919211233924
85,try,1,0.08333333333333333,2.7668907011251433,0.23057422509376194
38,even,1,0.1111111111111111,2.073743520565198,0.23041594672946641
21,never,1,0.1,2.302585092994046,0.2302585092994046
39,never,1,0.1,2.302585092994046,0.2302585092994046
57,never,1,0.1,2.302585092994046,0.2302585092994046
95,never,1,0.1,2.302585092994046,0.2302585092994046
126,never,1,0.1,2.302585092994046,0.2302585092994046
249,never,1,0.1,2.302585092994046,0.2302585092994046
120,long,1,0.058823529411764705,3.912023005428146,0.2301190003193027
289,resolved,1,0.07142857142857142,3.2188758248682006,0.22991970177630003
62,pain,1,0.09090909090909091,2.5257286443082556,0.22961169493711414
62,started,1,0.09090909090909091,2.5257286443082556,0.22961169493711414
169,pain,1,0.09090909090909091,2.5257286443082556,0.22961169493711414
335,pain,1,0.09090909090909091,2.5257286443082556,0.22961169493711414
335,started,1,0.09090909090909091,2.5257286443082556,0.22961169493711414
14,arm,1,0.0625,3.66070857714724,0.2287942860717025
36,arm,1,0.0625,3.66070857714724,0.2287942860717025
187,wrong,1,0.0625,3.66070857714724,0.2287942860717025
242,knees,1,0.0625,3.66070857714724,0.2287942860717025
242,painful,1,0.0625,3.66070857714724,0.2287942860717025
324,received,1,0.0625,3.66070857714724,0.2287942860717025
324,request,1,0.0625,3.66070857714724,0.2287942860717025
326,appointment,1,0.0625,3.66070857714724,0.2287942860717025
326,book,1,0.0625,3.66070857714724,0.2287942860717025
326,shows,1,0.0625,3.66070857714724,0.2287942860717025
8,frustrating,1,0.07692307692307693,2.9675613965872945,0.22827395358363806
129,next,1,0.07692307692307693,2.9675613965872945,0.22827395358363806
141,next,1,0.07692307692307693,2.9675613965872945,0.22827395358363806
156,frustrating,1,0.07692307692307693,2.9675613965872945,0.22827395358363806
177,next,1,0.07692307692307693,2.9675613965872945,0.22827395358363806
228,badly,1,0.07692307692307693,2.9675613965872945,0.22827395358363806
336,frustrating,1,0.07692307692307693,2.9675613965872945,0.22827395358363806
85,one,1,0.08333333333333333,2.7224389385543097,0.22686991154619246
132,one,1,0.08333333333333333,2.7224389385543097,0.22686991154619246
13,get,1,0.09090909090909091,2.4906373244969853,0.2264215749542714
50,get,1,0.09090909090909091,2.4906373244969853,0.2264215749542714
93,causing,1,0.09090909090909091,2.4906373244969853,0.2264215749542714
93,really,1,0.09090909090909091,2.4906373244969853,0.2264215749542714
191,get,1,0.09090909090909091,2.4906373244969853,0.2264215749542714
214,really,1,0.09090909090909091,2.4906373244969853,0.2264215749542714
223,get,1,0.09090909090909091,2.4906373244969853,0.2264215749542714
234,get,1,0.09090909090909091,2.4906373244969853,0.2264215749542714
286,get,1,0.09090909090909091,2.4906373244969853,0.2264215749542714
335,causing,1,0.09090909090909091,2.4906373244969853,0.2264215749542714
344,really,1,0.09090909090909091,2.4906373244969853,0.2264215749542714
137,ago,1,0.05555555555555555,4.0661736852554045,0.2258985380697447
137,number,1,0.05555555555555555,4.0661736852554045,0.2258985380697447
137,surgery,1,0.05555555555555555,4.0661736852554045,0.2258985380697447
137,two,1,0.05555555555555555,4.0661736852554045,0.2258985380697447
303,without,1,0.05555555555555555,4.0661736852554045,0.2258985380697447
342,ago,1,0.05555555555555555,4.0661736852554045,0.2258985380697447
342,number,1,0.05555555555555555,4.0661736852554045,0.2258985380697447
342,surgery,1,0.05555555555555555,4.0661736852554045,0.2258985380697447
342,two,1,0.05555555555555555,4.0661736852554045,0.2258985380697447
40,using,1,0.07142857142857142,3.1498829533812494,0.22499163952723208
45,address,1,0.07142857142857142,3.1498829533812494,0.22499163952723208
45,old,1,0.07142857142857142,3.1498829533812494,0.22499163952723208
83,comes,1,0.07142857142857142,3.1498829533812494,0.22499163952723208
96,fit,1,0.07142857142857142,3.1498829533812494,0.22499163952723208
96,note,1,0.07142857142857142,3.1498829533812494,0.22499163952723208
97,especially,1,0.07142857142857142,3.1498829533812494,0.22499163952723208
123,gp,1,0.07142857142857142,3.1498829533812494,0.22499163952723208
123,system,1,0.07142857142857142,3.1498829533812494,0.22499163952723208
133,gp,1,0.07142857142857142,3.1498829533812494,0.22499163952723208
133,system,1,0.07142857142857142,3.1498829533812494,0.22499163952723208
207,abdominal,1,0.07142857142857142,3.1498829533812494,0.22499163952723208
207,cramps,1,0.07142857142857142,3.1498829533812494,0.22499163952723208
207,especially,1,0.07142857142857142,3.1498829533812494,0.22499163952723208
122,different,1,0.06666666666666667,3.373026504695459,0.22486843364636394
122,multiple,1,0.06666666666666667,3.373026504695459,0.22486843364636394
170,sometimes,1,0.06666666666666667,3.373026504695459,0.22486843364636394
313,password,1,0.06666666666666667,3.373026504695459,0.22486843364636394
8,friends,1,0.07692307692307693,2.913494175317019,0.22411493656284764
8,similar,1,0.07692307692307693,2.913494175317019,0.22411493656284764
8,talked,1,0.07692307692307693,2.913494175317019,0.22411493656284764
12,sorted,1,0.07692307692307693,2.913494175317019,0.22411493656284764
20,friends,1,0.07692307692307693,2.913494175317019,0.22411493656284764
20,similar,1,0.07692307692307693,2.913494175317019,0.22411493656284764
20,talked,1,0.07692307692307693,2.913494175317019,0.22411493656284764
61,sorted,1,0.07692307692307693,2.913494175317019,0.22411493656284764
78,prescription,1,0.07692307692307693,2.913494175317019,0.22411493656284764
156,sorted,1,0.07692307692307693,2.913494175317019,0.22411493656284764
7,eating,1,0.05263157894736842,4.248495242049359,0.22360501273943995
7,evening,1,0.05263157894736842,4.248495242049359,0.22360501273943995
7,fried,1,0.05263157894736842,4.248495242049359,0.22360501273943995
7,seems,1,0.05263157894736842,4.248495242049359,0.22360501273943995
10,crashes,1,0.05263157894736842,4.248495242049359,0.22360501273943995
10,latest,1,0.05263157894736842,4.248495242049359,0.22360501273943995
10,luck,1,0.05263157894736842,4.248495242049359,0.22360501273943995
10,nhs,1,0.05263157894736842,4.248495242049359,0.22360501273943995
10,open,1,0.05263157894736842,4.248495242049359,0.22360501273943995
10,restarted,1,0.05263157894736842,4.248495242049359,0.22360501273943995
10,trying,1,0.05263157894736842,4.248495242049359,0.22360501273943995
10,version,1,0.05263157894736842,4.248495242049359,0.22360501273943995
153,crashes,1,0.05263157894736842,4.248495242049359,0.22360501273943995
153,latest,1,0.05263157894736842,4.248495242049359,0.22360501273943995
153,luck,1,0.05263157894736842,4.248495242049359,0.22360501273943995
153,nhs,1,0.05263157894736842,4.248495242049359,0.22360501273943995
153,open,1,0.05263157894736842,4.248495242049359,0.22360501273943995
153,restarted,1,0.05263157894736842,4.248495242049359,0.22360501273943995
153,trying,1,0.05263157894736842,4.248495242049359,0.22360501273943995
153,version,1,0.05263157894736842,4.248495242049359,0.22360501273943995
64,tried,1,0.08333333333333333,2.6798793241355137,0.2233232770112928
217,back,1,0.08333333333333333,2.6798793241355137,0.2233232770112928
9,experiencing,1,0.2,1.1130010261202095,0.2226002052240419
22,experiencing,1,0.2,1.1130010261202095,0.2226002052240419
65,experiencing,1,0.2,1.1130010261202095,0.2226002052240419
119,experiencing,1,0.2,1.1130010261202095,0.2226002052240419
121,experiencing,1,0.2,1.1130010261202095,0.2226002052240419
131,experiencing,1,0.2,1.1130010261202095,0.2226002052240419
155,experiencing,1,0.2,1.1130010261202095,0.2226002052240419
206,experiencing,1,0.2,1.1130010261202095,0.2226002052240419
240,experiencing,1,0.2,1.1130010261202095,0.2226002052240419
280,experiencing,1,0.2,1.1130010261202095,0.2226002052240419
329,experiencing,1,0.2,1.1130010261202095,0.2226002052240419
18,help,1,0.058823529411764705,3.7784916128036232,0.2222642125178602
142,help,1,0.058823529411764705,3.7784916128036232,0.2222642125178602
142,seem,1,0.058823529411764705,3.7784916128036232,0.2222642125178602
230,make,1,0.058823529411764705,3.7784916128036232,0.2222642125178602
14,tingling,1,0.0625,3.5553480614894135,0.22220925384308834
36,tingling,1,0.0625,3.5553480614894135,0.22220925384308834
279,headaches,1,0.0625,3.5553480614894135,0.22220925384308834
279,sleep,1,0.0625,3.5553480614894135,0.22220925384308834
296,mostly,1,0.0625,3.5553480614894135,0.22220925384308834
326,online,1,0.0625,3.5553480614894135,0.22220925384308834
326,updated,1,0.0625,3.5553480614894135,0.22220925384308834
133,affect,1,0.07142857142857142,3.0853444322436783,0.2203817451602627
133,starting,1,0.07142857142857142,3.0853444322436783,0.2203817451602627
300,affect,1,0.07142857142857142,3.0853444322436783,0.2203817451602627
300,starting,1,0.07142857142857142,3.0853444322436783,0.2203817451602627
8,details,1,0.07692307692307693,2.8622008809294686,0.22016929853303605
61,feels,1,0.07692307692307693,2.8622008809294686,0.22016929853303605
100,just,1,0.07692307692307693,2.8622008809294686,0.22016929853303605
129,details,1,0.07692307692307693,2.8622008809294686,0.22016929853303605
134,keeps,1,0.07692307692307693,2.8622008809294686,0.22016929853303605
134,times,1,0.07692307692307693,2.8622008809294686,0.22016929853303605
156,just,1,0.07692307692307693,2.8622008809294686,0.22016929853303605
309,fingers,1,0.07692307692307693,2.8622008809294686,0.22016929853303605
336,details,1,0.07692307692307693,2.8622008809294686,0.22016929853303605
1,last,1,0.08333333333333333,2.6390573296152584,0.21992144413460485
3,last,1,0.08333333333333333,2.6390573296152584,0.21992144413460485
283,last,1,0.08333333333333333,2.6390573296152584,0.21992144413460485
291,last,1,0.08333333333333333,2.6390573296152584,0.21992144413460485
167,account,1,0.06666666666666667,3.2929837970219227,0.21953225313479485
311,account,1,0.06666666666666667,3.2929837970219227,0.21953225313479485
43,affecting,1,0.09090909090909091,2.392197251683733,0.2174724774257939
169,affecting,1,0.09090909090909091,2.392197251683733,0.2174724774257939
290,affecting,1,0.09090909090909091,2.392197251683733,0.2174724774257939
318,sure,1,0.09090909090909091,2.392197251683733,0.2174724774257939
318,wondering,1,0.09090909090909091,2.392197251683733,0.2174724774257939
344,wondering,1,0.09090909090909091,2.392197251683733,0.2174724774257939
347,affecting,1,0.09090909090909091,2.392197251683733,0.2174724774257939
303,feeling,1,0.05555555555555555,3.912023005428146,0.21733461141267477
89,can,1,0.1,2.169053700369523,0.21690537003695232
200,can,1,0.1,2.169053700369523,0.21690537003695232
107,like,1,0.08333333333333333,2.5998366164619773,0.21665305137183144
12,still,1,0.07692307692307693,2.8134107167600364,0.21641620898154126
53,still,1,0.07692307692307693,2.8134107167600364,0.21641620898154126
100,support,1,0.07692307692307693,2.8134107167600364,0.21641620898154126
113,chest,1,0.07692307692307693,2.8134107167600364,0.21641620898154126
156,support,1,0.07692307692307693,2.8134107167600364,0.21641620898154126
228,week,1,0.07692307692307693,2.8134107167600364,0.21641620898154126
324,need,1,0.0625,3.4600378816850887,0.21625236760531805
165,feel,1,0.07142857142857142,3.0247198104272432,0.21605141503051736
165,night,1,0.07142857142857142,3.0247198104272432,0.21605141503051736
72,saying,1,0.058823529411764705,3.66070857714724,0.21533579865572
139,appointment,1,0.058823529411764705,3.66070857714724,0.21533579865572
139,book,1,0.058823529411764705,3.66070857714724,0.21533579865572
139,shows,1,0.058823529411764705,3.66070857714724,0.21533579865572
163,saying,1,0.058823529411764705,3.66070857714724,0.21533579865572
225,appointment,1,0.058823529411764705,3.66070857714724,0.21533579865572
225,book,1,0.058823529411764705,3.66070857714724,0.21533579865572
225,shows,1,0.058823529411764705,3.66070857714724,0.21533579865572
230,knees,1,0.058823529411764705,3.66070857714724,0.21533579865572
230,painful,1,0.058823529411764705,3.66070857714724,0.21533579865572
238,arm,1,0.058823529411764705,3.66070857714724,0.21533579865572
256,walking,1,0.058823529411764705,3.66070857714724,0.21533579865572
302,arm,1,0.058823529411764705,3.66070857714724,0.21533579865572
13,hoping,1,0.09090909090909091,2.361425593016979,0.2146750539106345
13,soon,1,0.09090909090909091,2.361425593016979,0.2146750539106345
50,hoping,1,0.09090909090909091,2.361425593016979,0.2146750539106345
50,soon,1,0.09090909090909091,2.361425593016979,0.2146750539106345
191,hoping,1,0.09090909090909091,2.361425593016979,0.2146750539106345
191,soon,1,0.09090909090909091,2.361425593016979,0.2146750539106345
223,hoping,1,0.09090909090909091,2.361425593016979,0.2146750539106345
223,soon,1,0.09090909090909091,2.361425593016979,0.2146750539106345
234,hoping,1,0.09090909090909091,2.361425593016979,0.2146750539106345
234,soon,1,0.09090909090909091,2.361425593016979,0.2146750539106345
286,hoping,1,0.09090909090909091,2.361425593016979,0.2146750539106345
286,soon,1,0.09090909090909091,2.361425593016979,0.2146750539106345
55,resolved,1,0.06666666666666667,3.2188758248682006,0.21459172165788004
167,resolved,1,0.06666666666666667,3.2188758248682006,0.21459172165788004
219,resolved,1,0.06666666666666667,3.2188758248682006,0.21459172165788004
25,work,1,0.1,2.1443610877791515,0.21443610877791516
73,work,1,0.1,2.1443610877791515,0.21443610877791516
260,work,1,0.1,2.1443610877791515,0.21443610877791516
273,work,1,0.1,2.1443610877791515,0.21443610877791516
321,work,1,0.1,2.1443610877791515,0.21443610877791516
325,work,1,0.1,2.1443610877791515,0.21443610877791516
295,become,1,0.05263157894736842,4.0661736852554045,0.2140091413292318
23,couple,1,0.047619047619047616,4.471638793363569,0.2129351806363604
23,heat,1,0.047619047619047616,4.471638793363569,0.2129351806363604
23,improvement,1,0.047619047619047616,4.471638793363569,0.2129351806363604
23,lower,1,0.047619047619047616,4.471638793363569,0.2129351806363604
23,months,1,0.047619047619047616,4.471638793363569,0.2129351806363604
23,packs,1,0.047619047619047616,4.471638793363569,0.2129351806363604
23,periods,1,0.047619047619047616,4.471638793363569,0.2129351806363604
23,real,1,0.047619047619047616,4.471638793363569,0.2129351806363604
23,sitting,1,0.047619047619047616,4.471638793363569,0.2129351806363604
23,worsened,1,0.047619047619047616,4.471638793363569,0.2129351806363604
293,couple,1,0.047619047619047616,4.471638793363569,0.2129351806363604
293,heat,1,0.047619047619047616,4.471638793363569,0.2129351806363604
293,improvement,1,0.047619047619047616,4.471638793363569,0.2129351806363604
293,lower,1,0.047619047619047616,4.471638793363569,0.2129351806363604
293,months,1,0.047619047619047616,4.471638793363569,0.2129351806363604
293,packs,1,0.047619047619047616,4.471638793363569,0.2129351806363604
293,periods,1,0.047619047619047616,4.471638793363569,0.2129351806363604
293,real,1,0.047619047619047616,4.471638793363569,0.2129351806363604
293,sitting,1,0.047619047619047616,4.471638793363569,0.2129351806363604
293,worsened,1,0.047619047619047616,4.471638793363569,0.2129351806363604
78,try,1,0.07692307692307693,2.7668907011251433,0.21283774624039564
105,crashes,1,0.05,4.248495242049359,0.21242476210246797
105,latest,1,0.05,4.248495242049359,0.21242476210246797
105,luck,1,0.05,4.248495242049359,0.21242476210246797
105,nhs,1,0.05,4.248495242049359,0.21242476210246797
105,open,1,0.05,4.248495242049359,0.21242476210246797
105,restarted,1,0.05,4.248495242049359,0.21242476210246797
105,trying,1,0.05,4.248495242049359,0.21242476210246797
105,version,1,0.05,4.248495242049359,0.21242476210246797
216,crashes,1,0.05,4.248495242049359,0.21242476210246797
216,latest,1,0.05,4.248495242049359,0.21242476210246797
216,luck,1,0.05,4.248495242049359,0.21242476210246797
216,nhs,1,0.05,4.248495242049359,0.21242476210246797
216,open,1,0.05,4.248495242049359,0.21242476210246797
216,restarted,1,0.05,4.248495242049359,0.21242476210246797
216,trying,1,0.05,4.248495242049359,0.21242476210246797
216,version,1,0.05,4.248495242049359,0.21242476210246797
45,next,1,0.07142857142857142,2.9675613965872945,0.21196867118480672
83,next,1,0.07142857142857142,2.9675613965872945,0.21196867118480672
165,next,1,0.07142857142857142,2.9675613965872945,0.21196867118480672
285,frustrating,1,0.07142857142857142,2.9675613965872945,0.21196867118480672
300,frustrating,1,0.07142857142857142,2.9675613965872945,0.21196867118480672
242,sometimes,1,0.0625,3.373026504695459,0.2108141565434662
3,pain,1,0.08333333333333333,2.5257286443082556,0.21047738702568797
3,started,1,0.08333333333333333,2.5257286443082556,0.21047738702568797
217,pain,1,0.08333333333333333,2.5257286443082556,0.21047738702568797
343,time,1,0.08333333333333333,2.5257286443082556,0.21047738702568797
55,update,1,0.06666666666666667,3.1498829533812494,0.2099921968920833
99,fit,1,0.06666666666666667,3.1498829533812494,0.2099921968920833
99,note,1,0.06666666666666667,3.1498829533812494,0.2099921968920833
158,using,1,0.06666666666666667,3.1498829533812494,0.2099921968920833
167,email,1,0.06666666666666667,3.1498829533812494,0.2099921968920833
219,fit,1,0.06666666666666667,3.1498829533812494,0.2099921968920833
219,note,1,0.06666666666666667,3.1498829533812494,0.2099921968920833
261,update,1,0.06666666666666667,3.1498829533812494,0.2099921968920833
311,gp,1,0.06666666666666667,3.1498829533812494,0.2099921968920833
311,old,1,0.06666666666666667,3.1498829533812494,0.2099921968920833
313,system,1,0.06666666666666667,3.1498829533812494,0.2099921968920833
341,using,1,0.06666666666666667,3.1498829533812494,0.2099921968920833
4,help,1,0.05555555555555555,3.7784916128036232,0.2099162007113124
4,seem,1,0.05555555555555555,3.7784916128036232,0.2099162007113124
46,help,1,0.05555555555555555,3.7784916128036232,0.2099162007113124
130,sent,1,0.05555555555555555,3.7784916128036232,0.2099162007113124
201,make,1,0.05555555555555555,3.7784916128036232,0.2099162007113124
220,make,1,0.05555555555555555,3.7784916128036232,0.2099162007113124
271,help,1,0.05555555555555555,3.7784916128036232,0.2099162007113124
271,seem,1,0.05555555555555555,3.7784916128036232,0.2099162007113124
275,help,1,0.05555555555555555,3.7784916128036232,0.2099162007113124
303,frequent,1,0.05555555555555555,3.7784916128036232,0.2099162007113124
306,sent,1,0.05555555555555555,3.7784916128036232,0.2099162007113124
12,one,1,0.07692307692307693,2.7224389385543097,0.20941837988879305
53,one,1,0.07692307692307693,2.7224389385543097,0.20941837988879305
53,weeks,1,0.07692307692307693,2.7224389385543097,0.20941837988879305
134,one,1,0.07692307692307693,2.7224389385543097,0.20941837988879305
62,never,1,0.09090909090909091,2.302585092994046,0.20932591754491328
214,never,1,0.09090909090909091,2.302585092994046,0.20932591754491328
250,never,1,0.09090909090909091,2.302585092994046,0.20932591754491328
294,never,1,0.09090909090909091,2.302585092994046,0.20932591754491328
35,changed,1,0.058823529411764705,3.5553480614894135,0.20913812126408315
128,headaches,1,0.058823529411764705,3.5553480614894135,0.20913812126408315
128,sleep,1,0.058823529411764705,3.5553480614894135,0.20913812126408315
139,online,1,0.058823529411764705,3.5553480614894135,0.20913812126408315
139,updated,1,0.058823529411764705,3.5553480614894135,0.20913812126408315
193,headaches,1,0.058823529411764705,3.5553480614894135,0.20913812126408315
193,sleep,1,0.058823529411764705,3.5553480614894135,0.20913812126408315
225,online,1,0.058823529411764705,3.5553480614894135,0.20913812126408315
225,updated,1,0.058823529411764705,3.5553480614894135,0.20913812126408315
238,tingling,1,0.058823529411764705,3.5553480614894135,0.20913812126408315
246,changed,1,0.058823529411764705,3.5553480614894135,0.20913812126408315
302,tingling,1,0.058823529411764705,3.5553480614894135,0.20913812126408315
331,updated,1,0.058823529411764705,3.5553480614894135,0.20913812126408315
40,friends,1,0.07142857142857142,2.913494175317019,0.2081067268083585
40,similar,1,0.07142857142857142,2.913494175317019,0.2081067268083585
40,talked,1,0.07142857142857142,2.913494175317019,0.2081067268083585
96,sorted,1,0.07142857142857142,2.913494175317019,0.2081067268083585
135,friends,1,0.07142857142857142,2.913494175317019,0.2081067268083585
135,prescription,1,0.07142857142857142,2.913494175317019,0.2081067268083585
135,similar,1,0.07142857142857142,2.913494175317019,0.2081067268083585
135,talked,1,0.07142857142857142,2.913494175317019,0.2081067268083585
289,prescription,1,0.07142857142857142,2.913494175317019,0.2081067268083585
1,causing,1,0.08333333333333333,2.4906373244969853,0.20755311037474877
27,really,1,0.08333333333333333,2.4906373244969853,0.20755311037474877
64,get,1,0.08333333333333333,2.4906373244969853,0.20755311037474877
77,get,1,0.08333333333333333,2.4906373244969853,0.20755311037474877
107,get,1,0.08333333333333333,2.4906373244969853,0.20755311037474877
181,get,1,0.08333333333333333,2.4906373244969853,0.20755311037474877
217,get,1,0.08333333333333333,2.4906373244969853,0.20755311037474877
337,get,1,0.08333333333333333,2.4906373244969853,0.20755311037474877
5,even,1,0.1,2.073743520565198,0.2073743520565198
39,even,1,0.1,2.073743520565198,0.2073743520565198
95,even,1,0.1,2.073743520565198,0.2073743520565198
145,even,1,0.1,2.073743520565198,0.2073743520565198
307,even,1,0.1,2.073743520565198,0.2073743520565198
345,even,1,0.1,2.073743520565198,0.2073743520565198
8,issues,1,0.07692307692307693,2.6798793241355137,0.20614456339503953
20,issues,1,0.07692307692307693,2.6798793241355137,0.20614456339503953
20,tried,1,0.07692307692307693,2.6798793241355137,0.20614456339503953
61,issues,1,0.07692307692307693,2.6798793241355137,0.20614456339503953
100,goes,1,0.07692307692307693,2.6798793241355137,0.20614456339503953
100,tried,1,0.07692307692307693,2.6798793241355137,0.20614456339503953
113,goes,1,0.07692307692307693,2.6798793241355137,0.20614456339503953
113,issues,1,0.07692307692307693,2.6798793241355137,0.20614456339503953
129,back,1,0.07692307692307693,2.6798793241355137,0.20614456339503953
134,tried,1,0.07692307692307693,2.6798793241355137,0.20614456339503953
312,tried,1,0.07692307692307693,2.6798793241355137,0.20614456339503953
295,regular,1,0.05263157894736842,3.912023005428146,0.20589594765411293
66,dizziness,1,0.0625,3.2929837970219227,0.20581148731387017
187,account,1,0.0625,3.2929837970219227,0.20581148731387017
122,verification,1,0.06666666666666667,3.0853444322436783,0.20568962881624522
158,affect,1,0.06666666666666667,3.0853444322436783,0.20568962881624522
158,starting,1,0.06666666666666667,3.0853444322436783,0.20568962881624522
170,becoming,1,0.06666666666666667,3.0853444322436783,0.20568962881624522
83,feels,1,0.07142857142857142,2.8622008809294686,0.2044429200663906
285,details,1,0.07142857142857142,2.8622008809294686,0.2044429200663906
300,details,1,0.07142857142857142,2.8622008809294686,0.2044429200663906
35,phone,1,0.058823529411764705,3.4600378816850887,0.20353164009912286
35,showing,1,0.058823529411764705,3.4600378816850887,0.20353164009912286
72,message,1,0.058823529411764705,3.4600378816850887,0.20353164009912286
72,order,1,0.058823529411764705,3.4600378816850887,0.20353164009912286
163,message,1,0.058823529411764705,3.4600378816850887,0.20353164009912286
163,order,1,0.058823529411764705,3.4600378816850887,0.20353164009912286
246,phone,1,0.058823529411764705,3.4600378816850887,0.20353164009912286
246,showing,1,0.058823529411764705,3.4600378816850887,0.20353164009912286
331,keep,1,0.058823529411764705,3.4600378816850887,0.20353164009912286
331,phone,1,0.058823529411764705,3.4600378816850887,0.20353164009912286
44,saying,1,0.05555555555555555,3.66070857714724,0.2033726987304022
54,walking,1,0.05555555555555555,3.66070857714724,0.2033726987304022
136,appointment,1,0.05555555555555555,3.66070857714724,0.2033726987304022
136,book,1,0.05555555555555555,3.66070857714724,0.2033726987304022
136,happens,1,0.05555555555555555,3.66070857714724,0.2033726987304022
136,saying,1,0.05555555555555555,3.66070857714724,0.2033726987304022
179,asking,1,0.05555555555555555,3.66070857714724,0.2033726987304022
179,code,1,0.05555555555555555,3.66070857714724,0.2033726987304022
194,appointment,1,0.05555555555555555,3.66070857714724,0.2033726987304022
194,book,1,0.05555555555555555,3.66070857714724,0.2033726987304022
194,happens,1,0.05555555555555555,3.66070857714724,0.2033726987304022
194,saying,1,0.05555555555555555,3.66070857714724,0.2033726987304022
245,asking,1,0.05555555555555555,3.66070857714724,0.2033726987304022
245,code,1,0.05555555555555555,3.66070857714724,0.2033726987304022
303,chronic,1,0.05555555555555555,3.66070857714724,0.2033726987304022
303,migraine,1,0.05555555555555555,3.66070857714724,0.2033726987304022
30,couple,1,0.045454545454545456,4.471638793363569,0.20325630878925313
30,heat,1,0.045454545454545456,4.471638793363569,0.20325630878925313
30,improvement,1,0.045454545454545456,4.471638793363569,0.20325630878925313
30,lower,1,0.045454545454545456,4.471638793363569,0.20325630878925313
30,months,1,0.045454545454545456,4.471638793363569,0.20325630878925313
30,packs,1,0.045454545454545456,4.471638793363569,0.20325630878925313
30,periods,1,0.045454545454545456,4.471638793363569,0.20325630878925313
30,real,1,0.045454545454545456,4.471638793363569,0.20325630878925313
30,sitting,1,0.045454545454545456,4.471638793363569,0.20325630878925313
30,worsened,1,0.045454545454545456,4.471638793363569,0.20325630878925313
8,every,1,0.07692307692307693,2.6390573296152584,0.2030044099704045
61,every,1,0.07692307692307693,2.6390573296152584,0.2030044099704045
78,every,1,0.07692307692307693,2.6390573296152584,0.2030044099704045
129,every,1,0.07692307692307693,2.6390573296152584,0.2030044099704045
228,last,1,0.07692307692307693,2.6390573296152584,0.2030044099704045
336,every,1,0.07692307692307693,2.6390573296152584,0.2030044099704045
36,resolved,1,0.0625,3.2188758248682006,0.20117973905426254
40,support,1,0.07142857142857142,2.8134107167600364,0.2009579083400026
45,still,1,0.07142857142857142,2.8134107167600364,0.2009579083400026
96,week,1,0.07142857142857142,2.8134107167600364,0.2009579083400026
123,checking,1,0.07142857142857142,2.8134107167600364,0.2009579083400026
123,might,1,0.07142857142857142,2.8134107167600364,0.2009579083400026
123,others,1,0.07142857142857142,2.8134107167600364,0.2009579083400026
123,worth,1,0.07142857142857142,2.8134107167600364,0.2009579083400026
207,week,1,0.07142857142857142,2.8134107167600364,0.2009579083400026
207,worse,1,0.07142857142857142,2.8134107167600364,0.2009579083400026
285,checking,1,0.07142857142857142,2.8134107167600364,0.2009579083400026
285,might,1,0.07142857142857142,2.8134107167600364,0.2009579083400026
285,others,1,0.07142857142857142,2.8134107167600364,0.2009579083400026
285,worth,1,0.07142857142857142,2.8134107167600364,0.2009579083400026
78,like,1,0.07692307692307693,2.5998366164619773,0.19998743203553673
129,like,1,0.07692307692307693,2.5998366164619773,0.19998743203553673
3,affecting,1,0.08333333333333333,2.392197251683733,0.1993497709736444
27,affecting,1,0.08333333333333333,2.392197251683733,0.1993497709736444
132,affecting,1,0.08333333333333333,2.392197251683733,0.1993497709736444
211,sure,1,0.08333333333333333,2.392197251683733,0.1993497709736444
291,wondering,1,0.08333333333333333,2.392197251683733,0.1993497709736444
7,make,1,0.05263157894736842,3.7784916128036232,0.1988679796212433
295,standing,1,0.05263157894736842,3.7784916128036232,0.1988679796212433
230,sometimes,1,0.058823529411764705,3.373026504695459,0.19841332380561524
41,next,1,0.06666666666666667,2.9675613965872945,0.19783742643915297
60,next,1,0.06666666666666667,2.9675613965872945,0.19783742643915297
122,next,1,0.06666666666666667,2.9675613965872945,0.19783742643915297
170,next,1,0.06666666666666667,2.9675613965872945,0.19783742643915297
195,next,1,0.06666666666666667,2.9675613965872945,0.19783742643915297
311,next,1,0.06666666666666667,2.9675613965872945,0.19783742643915297
313,next,1,0.06666666666666667,2.9675613965872945,0.19783742643915297
45,try,1,0.07142857142857142,2.7668907011251433,0.19763505008036736
207,anything,1,0.07142857142857142,2.7668907011251433,0.19763505008036736
137,changed,1,0.05555555555555555,3.5553480614894135,0.19751933674941186
201,mostly,1,0.05555555555555555,3.5553480614894135,0.19751933674941186
220,mostly,1,0.05555555555555555,3.5553480614894135,0.19751933674941186
342,changed,1,0.05555555555555555,3.5553480614894135,0.19751933674941186
13,can,1,0.09090909090909091,2.169053700369523,0.197186700033593
14,comes,1,0.0625,3.1498829533812494,0.19686768458632808
36,comes,1,0.0625,3.1498829533812494,0.19686768458632808
66,especially,1,0.0625,3.1498829533812494,0.19686768458632808
187,email,1,0.0625,3.1498829533812494,0.19686768458632808
276,update,1,0.0625,3.1498829533812494,0.19686768458632808
296,abdominal,1,0.0625,3.1498829533812494,0.19686768458632808
296,cramps,1,0.0625,3.1498829533812494,0.19686768458632808
296,especially,1,0.0625,3.1498829533812494,0.19686768458632808
324,fit,1,0.0625,3.1498829533812494,0.19686768458632808
324,note,1,0.0625,3.1498829533812494,0.19686768458632808
326,address,1,0.0625,3.1498829533812494,0.19686768458632808
326,old,1,0.0625,3.1498829533812494,0.19686768458632808
64,hoping,1,0.08333333333333333,2.361425593016979,0.19678546608474826
64,soon,1,0.08333333333333333,2.361425593016979,0.19678546608474826
77,app,1,0.08333333333333333,2.361425593016979,0.19678546608474826
77,hoping,1,0.08333333333333333,2.361425593016979,0.19678546608474826
77,soon,1,0.08333333333333333,2.361425593016979,0.19678546608474826
107,hoping,1,0.08333333333333333,2.361425593016979,0.19678546608474826
107,soon,1,0.08333333333333333,2.361425593016979,0.19678546608474826
181,hoping,1,0.08333333333333333,2.361425593016979,0.19678546608474826
181,soon,1,0.08333333333333333,2.361425593016979,0.19678546608474826
211,app,1,0.08333333333333333,2.361425593016979,0.19678546608474826
217,hoping,1,0.08333333333333333,2.361425593016979,0.19678546608474826
217,soon,1,0.08333333333333333,2.361425593016979,0.19678546608474826
337,hoping,1,0.08333333333333333,2.361425593016979,0.19678546608474826
337,soon,1,0.08333333333333333,2.361425593016979,0.19678546608474826
191,work,1,0.09090909090909091,2.1443610877791515,0.19494191707083194
244,work,1,0.09090909090909091,2.1443610877791515,0.19494191707083194
45,one,1,0.07142857142857142,2.7224389385543097,0.19445992418245067
135,one,1,0.07142857142857142,2.7224389385543097,0.19445992418245067
289,one,1,0.07142857142857142,2.7224389385543097,0.19445992418245067
78,time,1,0.07692307692307693,2.5257286443082556,0.19428681879294274
113,pain,1,0.07692307692307693,2.5257286443082556,0.19428681879294274
129,time,1,0.07692307692307693,2.5257286443082556,0.19428681879294274
37,prescription,1,0.06666666666666667,2.913494175317019,0.1942329450211346
99,friends,1,0.06666666666666667,2.913494175317019,0.1942329450211346
99,similar,1,0.06666666666666667,2.913494175317019,0.1942329450211346
99,talked,1,0.06666666666666667,2.913494175317019,0.1942329450211346
195,prescription,1,0.06666666666666667,2.913494175317019,0.1942329450211346
261,friends,1,0.06666666666666667,2.913494175317019,0.1942329450211346
261,similar,1,0.06666666666666667,2.913494175317019,0.1942329450211346
261,talked,1,0.06666666666666667,2.913494175317019,0.1942329450211346
35,account,1,0.058823529411764705,3.2929837970219227,0.1937049292365837
120,persistent,1,0.058823529411764705,3.2929837970219227,0.1937049292365837
246,account,1,0.058823529411764705,3.2929837970219227,0.1937049292365837
331,log,1,0.058823529411764705,3.2929837970219227,0.1937049292365837
87,appointment,1,0.05263157894736842,3.66070857714724,0.19266887248143366
87,book,1,0.05263157894736842,3.66070857714724,0.19266887248143366
87,happens,1,0.05263157894736842,3.66070857714724,0.19266887248143366
87,saying,1,0.05263157894736842,3.66070857714724,0.19266887248143366
310,appointment,1,0.05263157894736842,3.66070857714724,0.19266887248143366
310,book,1,0.05263157894736842,3.66070857714724,0.19266887248143366
310,happens,1,0.05263157894736842,3.66070857714724,0.19266887248143366
310,saying,1,0.05263157894736842,3.66070857714724,0.19266887248143366
44,message,1,0.05555555555555555,3.4600378816850887,0.1922243267602827
44,order,1,0.05555555555555555,3.4600378816850887,0.1922243267602827
137,phone,1,0.05555555555555555,3.4600378816850887,0.1922243267602827
137,showing,1,0.05555555555555555,3.4600378816850887,0.1922243267602827
342,phone,1,0.05555555555555555,3.4600378816850887,0.1922243267602827
342,showing,1,0.05555555555555555,3.4600378816850887,0.1922243267602827
283,never,1,0.08333333333333333,2.302585092994046,0.19188209108283716
12,get,1,0.07692307692307693,2.4906373244969853,0.19158748649976812
61,get,1,0.07692307692307693,2.4906373244969853,0.19158748649976812
78,get,1,0.07692307692307693,2.4906373244969853,0.19158748649976812
100,get,1,0.07692307692307693,2.4906373244969853,0.19158748649976812
156,get,1,0.07692307692307693,2.4906373244969853,0.19158748649976812
156,really,1,0.07692307692307693,2.4906373244969853,0.19158748649976812
40,issues,1,0.07142857142857142,2.6798793241355137,0.19141995172396525
83,goes,1,0.07142857142857142,2.6798793241355137,0.19141995172396525
83,hard,1,0.07142857142857142,2.6798793241355137,0.19141995172396525
123,tried,1,0.07142857142857142,2.6798793241355137,0.19141995172396525
133,tried,1,0.07142857142857142,2.6798793241355137,0.19141995172396525
135,issues,1,0.07142857142857142,2.6798793241355137,0.19141995172396525
55,details,1,0.06666666666666667,2.8622008809294686,0.19081339206196457
60,just,1,0.06666666666666667,2.8622008809294686,0.19081339206196457
122,keeps,1,0.06666666666666667,2.8622008809294686,0.19081339206196457
122,times,1,0.06666666666666667,2.8622008809294686,0.19081339206196457
261,details,1,0.06666666666666667,2.8622008809294686,0.19081339206196457
163,resolved,1,0.058823529411764705,3.2188758248682006,0.18934563675695298
246,resolved,1,0.058823529411764705,3.2188758248682006,0.18934563675695298
279,feel,1,0.0625,3.0247198104272432,0.1890449881517027
279,night,1,0.0625,3.0247198104272432,0.1890449881517027
290,even,1,0.09090909090909091,2.073743520565198,0.18852213823319983
347,even,1,0.09090909090909091,2.073743520565198,0.18852213823319983
96,last,1,0.07142857142857142,2.6390573296152584,0.18850409497251844
207,last,1,0.07142857142857142,2.6390573296152584,0.18850409497251844
285,every,1,0.07142857142857142,2.6390573296152584,0.18850409497251844
300,every,1,0.07142857142857142,2.6390573296152584,0.18850409497251844
37,checking,1,0.06666666666666667,2.8134107167600364,0.1875607144506691
37,might,1,0.06666666666666667,2.8134107167600364,0.1875607144506691
37,others,1,0.06666666666666667,2.8134107167600364,0.1875607144506691
37,worth,1,0.06666666666666667,2.8134107167600364,0.1875607144506691
41,chest,1,0.06666666666666667,2.8134107167600364,0.1875607144506691
60,support,1,0.06666666666666667,2.8134107167600364,0.1875607144506691
158,support,1,0.06666666666666667,2.8134107167600364,0.1875607144506691
311,still,1,0.06666666666666667,2.8134107167600364,0.1875607144506691
341,checking,1,0.06666666666666667,2.8134107167600364,0.1875607144506691
341,might,1,0.06666666666666667,2.8134107167600364,0.1875607144506691
341,others,1,0.06666666666666667,2.8134107167600364,0.1875607144506691
341,support,1,0.06666666666666667,2.8134107167600364,0.1875607144506691
341,worth,1,0.06666666666666667,2.8134107167600364,0.1875607144506691
130,password,1,0.05555555555555555,3.373026504695459,0.18739036137196993
179,different,1,0.05555555555555555,3.373026504695459,0.18739036137196993
179,multiple,1,0.05555555555555555,3.373026504695459,0.18739036137196993
245,different,1,0.05555555555555555,3.373026504695459,0.18739036137196993
245,multiple,1,0.05555555555555555,3.373026504695459,0.18739036137196993
303,sometimes,1,0.05555555555555555,3.373026504695459,0.18739036137196993
306,password,1,0.05555555555555555,3.373026504695459,0.18739036137196993
7,mostly,1,0.05263157894736842,3.5553480614894135,0.18712358218365333
10,updated,1,0.05263157894736842,3.5553480614894135,0.18712358218365333
153,updated,1,0.05263157894736842,3.5553480614894135,0.18712358218365333
23,long,1,0.047619047619047616,3.912023005428146,0.18628680978229264
293,long,1,0.047619047619047616,3.912023005428146,0.18628680978229264
33,experiencing,1,0.16666666666666666,1.1130010261202095,0.1855001710200349
47,experiencing,1,0.16666666666666666,1.1130010261202095,0.1855001710200349
52,experiencing,1,0.16666666666666666,1.1130010261202095,0.1855001710200349
63,experiencing,1,0.16666666666666666,1.1130010261202095,0.1855001710200349
69,experiencing,1,0.16666666666666666,1.1130010261202095,0.1855001710200349
94,experiencing,1,0.16666666666666666,1.1130010261202095,0.1855001710200349
160,experiencing,1,0.16666666666666666,1.1130010261202095,0.1855001710200349
205,experiencing,1,0.16666666666666666,1.1130010261202095,0.1855001710200349
263,experiencing,1,0.16666666666666666,1.1130010261202095,0.1855001710200349
267,experiencing,1,0.16666666666666666,1.1130010261202095,0.1855001710200349
270,experiencing,1,0.16666666666666666,1.1130010261202095,0.1855001710200349
281,experiencing,1,0.16666666666666666,1.1130010261202095,0.1855001710200349
308,experiencing,1,0.16666666666666666,1.1130010261202095,0.1855001710200349
322,experiencing,1,0.16666666666666666,1.1130010261202095,0.1855001710200349
348,experiencing,1,0.16666666666666666,1.1130010261202095,0.1855001710200349
66,next,1,0.0625,2.9675613965872945,0.1854725872867059
296,next,1,0.0625,2.9675613965872945,0.1854725872867059
35,gp,1,0.058823529411764705,3.1498829533812494,0.18528723255183818
35,old,1,0.058823529411764705,3.1498829533812494,0.18528723255183818
120,using,1,0.058823529411764705,3.1498829533812494,0.18528723255183818
139,address,1,0.058823529411764705,3.1498829533812494,0.18528723255183818
139,old,1,0.058823529411764705,3.1498829533812494,0.18528723255183818
142,using,1,0.058823529411764705,3.1498829533812494,0.18528723255183818
225,address,1,0.058823529411764705,3.1498829533812494,0.18528723255183818
225,old,1,0.058823529411764705,3.1498829533812494,0.18528723255183818
238,comes,1,0.058823529411764705,3.1498829533812494,0.18528723255183818
246,gp,1,0.058823529411764705,3.1498829533812494,0.18528723255183818
246,old,1,0.058823529411764705,3.1498829533812494,0.18528723255183818
302,comes,1,0.058823529411764705,3.1498829533812494,0.18528723255183818
195,try,1,0.06666666666666667,2.7668907011251433,0.18445938007500956
129,sure,1,0.07692307692307693,2.392197251683733,0.184015173206441
141,sure,1,0.07692307692307693,2.392197251683733,0.184015173206441
177,sure,1,0.07692307692307693,2.392197251683733,0.184015173206441
228,affecting,1,0.07692307692307693,2.392197251683733,0.184015173206441
309,wondering,1,0.07692307692307693,2.392197251683733,0.184015173206441
137,account,1,0.05555555555555555,3.2929837970219227,0.1829435442789957
342,account,1,0.05555555555555555,3.2929837970219227,0.1829435442789957
10,keep,1,0.05263157894736842,3.4600378816850887,0.18210725693079413
10,phone,1,0.05263157894736842,3.4600378816850887,0.18210725693079413
153,keep,1,0.05263157894736842,3.4600378816850887,0.18210725693079413
153,phone,1,0.05263157894736842,3.4600378816850887,0.18210725693079413
14,friends,1,0.0625,2.913494175317019,0.1820933859573137
14,similar,1,0.0625,2.913494175317019,0.1820933859573137
14,talked,1,0.0625,2.913494175317019,0.1820933859573137
242,friends,1,0.0625,2.913494175317019,0.1820933859573137
242,similar,1,0.0625,2.913494175317019,0.1820933859573137
242,talked,1,0.0625,2.913494175317019,0.1820933859573137
279,friends,1,0.0625,2.913494175317019,0.1820933859573137
279,similar,1,0.0625,2.913494175317019,0.1820933859573137
279,talked,1,0.0625,2.913494175317019,0.1820933859573137
326,friends,1,0.0625,2.913494175317019,0.1820933859573137
326,similar,1,0.0625,2.913494175317019,0.1820933859573137
326,talked,1,0.0625,2.913494175317019,0.1820933859573137
12,hoping,1,0.07692307692307693,2.361425593016979,0.18164812253976764
12,soon,1,0.07692307692307693,2.361425593016979,0.18164812253976764
61,hoping,1,0.07692307692307693,2.361425593016979,0.18164812253976764
61,soon,1,0.07692307692307693,2.361425593016979,0.18164812253976764
134,app,1,0.07692307692307693,2.361425593016979,0.18164812253976764
156,hoping,1,0.07692307692307693,2.361425593016979,0.18164812253976764
156,soon,1,0.07692307692307693,2.361425593016979,0.18164812253976764
309,hoping,1,0.07692307692307693,2.361425593016979,0.18164812253976764
309,soon,1,0.07692307692307693,2.361425593016979,0.18164812253976764
312,hoping,1,0.07692307692307693,2.361425593016979,0.18164812253976764
312,soon,1,0.07692307692307693,2.361425593016979,0.18164812253976764
336,hoping,1,0.07692307692307693,2.361425593016979,0.18164812253976764
336,soon,1,0.07692307692307693,2.361425593016979,0.18164812253976764
37,one,1,0.06666666666666667,2.7224389385543097,0.18149592923695398
122,one,1,0.06666666666666667,2.7224389385543097,0.18149592923695398
311,one,1,0.06666666666666667,2.7224389385543097,0.18149592923695398
311,weeks,1,0.06666666666666667,2.7224389385543097,0.18149592923695398
139,affect,1,0.058823529411764705,3.0853444322436783,0.1814908489555105
139,starting,1,0.058823529411764705,3.0853444322436783,0.1814908489555105
193,affect,1,0.058823529411764705,3.0853444322436783,0.1814908489555105
193,starting,1,0.058823529411764705,3.0853444322436783,0.1814908489555105
302,affect,1,0.058823529411764705,3.0853444322436783,0.1814908489555105
302,starting,1,0.058823529411764705,3.0853444322436783,0.1814908489555105
97,started,1,0.07142857142857142,2.5257286443082556,0.1804091888791611
165,time,1,0.07142857142857142,2.5257286443082556,0.1804091888791611
207,started,1,0.07142857142857142,2.5257286443082556,0.1804091888791611
14,feels,1,0.0625,2.8622008809294686,0.17888755505809179
36,feels,1,0.0625,2.8622008809294686,0.17888755505809179
276,details,1,0.0625,2.8622008809294686,0.17888755505809179
136,resolved,1,0.05555555555555555,3.2188758248682006,0.17882643471490003
201,resolved,1,0.05555555555555555,3.2188758248682006,0.17882643471490003
1,work,1,0.08333333333333333,2.1443610877791515,0.1786967573149293
283,work,1,0.08333333333333333,2.1443610877791515,0.1786967573149293
291,work,1,0.08333333333333333,2.1443610877791515,0.1786967573149293
41,goes,1,0.06666666666666667,2.6798793241355137,0.17865862160903423
41,issues,1,0.06666666666666667,2.6798793241355137,0.17865862160903423
55,back,1,0.06666666666666667,2.6798793241355137,0.17865862160903423
60,goes,1,0.06666666666666667,2.6798793241355137,0.17865862160903423
60,tried,1,0.06666666666666667,2.6798793241355137,0.17865862160903423
99,issues,1,0.06666666666666667,2.6798793241355137,0.17865862160903423
122,tried,1,0.06666666666666667,2.6798793241355137,0.17865862160903423
261,back,1,0.06666666666666667,2.6798793241355137,0.17865862160903423
261,issues,1,0.06666666666666667,2.6798793241355137,0.17865862160903423
128,feel,1,0.058823529411764705,3.0247198104272432,0.1779246947310143
128,night,1,0.058823529411764705,3.0247198104272432,0.1779246947310143
193,feel,1,0.058823529411764705,3.0247198104272432,0.1779246947310143
193,night,1,0.058823529411764705,3.0247198104272432,0.1779246947310143
96,get,1,0.07142857142857142,2.4906373244969853,0.17790266603549895
133,really,1,0.07142857142857142,2.4906373244969853,0.17790266603549895
300,really,1,0.07142857142857142,2.4906373244969853,0.17790266603549895
30,long,1,0.045454545454545456,3.912023005428146,0.1778192275194612
105,updated,1,0.05,3.5553480614894135,0.1777674030744707
216,updated,1,0.05,3.5553480614894135,0.1777674030744707
134,never,1,0.07692307692307693,2.302585092994046,0.17712193023031123
55,every,1,0.06666666666666667,2.6390573296152584,0.1759371553076839
195,every,1,0.06666666666666667,2.6390573296152584,0.1759371553076839
261,every,1,0.06666666666666667,2.6390573296152584,0.1759371553076839
187,checking,1,0.0625,2.8134107167600364,0.17583816979750228
187,might,1,0.0625,2.8134107167600364,0.17583816979750228
187,others,1,0.0625,2.8134107167600364,0.17583816979750228
187,worth,1,0.0625,2.8134107167600364,0.17583816979750228
276,checking,1,0.0625,2.8134107167600364,0.17583816979750228
276,might,1,0.0625,2.8134107167600364,0.17583816979750228
276,others,1,0.0625,2.8134107167600364,0.17583816979750228
276,worth,1,0.0625,2.8134107167600364,0.17583816979750228
296,week,1,0.0625,2.8134107167600364,0.17583816979750228
296,worse,1,0.0625,2.8134107167600364,0.17583816979750228
324,checking,1,0.0625,2.8134107167600364,0.17583816979750228
324,might,1,0.0625,2.8134107167600364,0.17583816979750228
324,others,1,0.0625,2.8134107167600364,0.17583816979750228
324,worth,1,0.0625,2.8134107167600364,0.17583816979750228
326,still,1,0.0625,2.8134107167600364,0.17583816979750228
4,using,1,0.05555555555555555,3.1498829533812494,0.1749934974100694
130,system,1,0.05555555555555555,3.1498829533812494,0.1749934974100694
137,gp,1,0.05555555555555555,3.1498829533812494,0.1749934974100694
137,old,1,0.05555555555555555,3.1498829533812494,0.1749934974100694
201,abdominal,1,0.05555555555555555,3.1498829533812494,0.1749934974100694
201,cramps,1,0.05555555555555555,3.1498829533812494,0.1749934974100694
201,especially,1,0.05555555555555555,3.1498829533812494,0.1749934974100694
220,abdominal,1,0.05555555555555555,3.1498829533812494,0.1749934974100694
220,cramps,1,0.05555555555555555,3.1498829533812494,0.1749934974100694
220,especially,1,0.05555555555555555,3.1498829533812494,0.1749934974100694
271,using,1,0.05555555555555555,3.1498829533812494,0.1749934974100694
306,system,1,0.05555555555555555,3.1498829533812494,0.1749934974100694
342,gp,1,0.05555555555555555,3.1498829533812494,0.1749934974100694
342,old,1,0.05555555555555555,3.1498829533812494,0.1749934974100694
142,badly,1,0.058823529411764705,2.9675613965872945,0.17456243509337027
331,next,1,0.058823529411764705,2.9675613965872945,0.17456243509337027
55,like,1,0.06666666666666667,2.5998366164619773,0.17332244109746514
195,like,1,0.06666666666666667,2.5998366164619773,0.17332244109746514
261,like,1,0.06666666666666667,2.5998366164619773,0.17332244109746514
10,log,1,0.05263157894736842,3.2929837970219227,0.17331493668536435
153,log,1,0.05263157894736842,3.2929837970219227,0.17331493668536435
295,dizziness,1,0.05263157894736842,3.2929837970219227,0.17331493668536435
105,keep,1,0.05,3.4600378816850887,0.17300189408425445
105,phone,1,0.05,3.4600378816850887,0.17300189408425445
216,keep,1,0.05,3.4600378816850887,0.17300189408425445
216,phone,1,0.05,3.4600378816850887,0.17300189408425445
296,anything,1,0.0625,2.7668907011251433,0.17293066882032146
326,try,1,0.0625,2.7668907011251433,0.17293066882032146
64,even,1,0.08333333333333333,2.073743520565198,0.1728119600470998
337,even,1,0.08333333333333333,2.073743520565198,0.1728119600470998
343,even,1,0.08333333333333333,2.073743520565198,0.1728119600470998
4,affect,1,0.05555555555555555,3.0853444322436783,0.17140802401353766
4,starting,1,0.05555555555555555,3.0853444322436783,0.17140802401353766
46,affect,1,0.05555555555555555,3.0853444322436783,0.17140802401353766
46,starting,1,0.05555555555555555,3.0853444322436783,0.17140802401353766
179,verification,1,0.05555555555555555,3.0853444322436783,0.17140802401353766
245,affect,1,0.05555555555555555,3.0853444322436783,0.17140802401353766
245,starting,1,0.05555555555555555,3.0853444322436783,0.17140802401353766
245,verification,1,0.05555555555555555,3.0853444322436783,0.17140802401353766
303,affect,1,0.05555555555555555,3.0853444322436783,0.17140802401353766
303,becoming,1,0.05555555555555555,3.0853444322436783,0.17140802401353766
303,starting,1,0.05555555555555555,3.0853444322436783,0.17140802401353766
306,affect,1,0.05555555555555555,3.0853444322436783,0.17140802401353766
306,starting,1,0.05555555555555555,3.0853444322436783,0.17140802401353766
342,affect,1,0.05555555555555555,3.0853444322436783,0.17140802401353766
342,starting,1,0.05555555555555555,3.0853444322436783,0.17140802401353766
18,friends,1,0.058823529411764705,2.913494175317019,0.17138201031276584
18,similar,1,0.058823529411764705,2.913494175317019,0.17138201031276584
18,talked,1,0.058823529411764705,2.913494175317019,0.17138201031276584
35,friends,1,0.058823529411764705,2.913494175317019,0.17138201031276584
35,similar,1,0.058823529411764705,2.913494175317019,0.17138201031276584
35,talked,1,0.058823529411764705,2.913494175317019,0.17138201031276584
72,friends,1,0.058823529411764705,2.913494175317019,0.17138201031276584
72,prescription,1,0.058823529411764705,2.913494175317019,0.17138201031276584
72,similar,1,0.058823529411764705,2.913494175317019,0.17138201031276584
72,talked,1,0.058823529411764705,2.913494175317019,0.17138201031276584
142,friends,1,0.058823529411764705,2.913494175317019,0.17138201031276584
142,similar,1,0.058823529411764705,2.913494175317019,0.17138201031276584
142,talked,1,0.058823529411764705,2.913494175317019,0.17138201031276584
163,prescription,1,0.058823529411764705,2.913494175317019,0.17138201031276584
256,friends,1,0.058823529411764705,2.913494175317019,0.17138201031276584
256,similar,1,0.058823529411764705,2.913494175317019,0.17138201031276584
256,talked,1,0.058823529411764705,2.913494175317019,0.17138201031276584
45,sure,1,0.07142857142857142,2.392197251683733,0.17087123226312376
83,sure,1,0.07142857142857142,2.392197251683733,0.17087123226312376
165,sure,1,0.07142857142857142,2.392197251683733,0.17087123226312376
326,one,1,0.0625,2.7224389385543097,0.17015243365964436
153,resolved,1,0.05263157894736842,3.2188758248682006,0.16941451709832633
40,app,1,0.07142857142857142,2.361425593016979,0.16867325664406993
96,hoping,1,0.07142857142857142,2.361425593016979,0.16867325664406993
96,soon,1,0.07142857142857142,2.361425593016979,0.16867325664406993
289,hoping,1,0.07142857142857142,2.361425593016979,0.16867325664406993
289,soon,1,0.07142857142857142,2.361425593016979,0.16867325664406993
41,pain,1,0.06666666666666667,2.5257286443082556,0.16838190962055039
55,time,1,0.06666666666666667,2.5257286443082556,0.16838190962055039
195,time,1,0.06666666666666667,2.5257286443082556,0.16838190962055039
261,time,1,0.06666666666666667,2.5257286443082556,0.16838190962055039
18,just,1,0.058823529411764705,2.8622008809294686,0.16836475770173345
238,feels,1,0.058823529411764705,2.8622008809294686,0.16836475770173345
302,feels,1,0.058823529411764705,2.8622008809294686,0.16836475770173345
14,goes,1,0.0625,2.6798793241355137,0.1674924577584696
14,hard,1,0.0625,2.6798793241355137,0.1674924577584696
14,issues,1,0.0625,2.6798793241355137,0.1674924577584696
36,goes,1,0.0625,2.6798793241355137,0.1674924577584696
36,hard,1,0.0625,2.6798793241355137,0.1674924577584696
242,issues,1,0.0625,2.6798793241355137,0.1674924577584696
276,back,1,0.0625,2.6798793241355137,0.1674924577584696
279,issues,1,0.0625,2.6798793241355137,0.1674924577584696
326,issues,1,0.0625,2.6798793241355137,0.1674924577584696
17,can,1,0.07692307692307693,2.169053700369523,0.1668502846438095
144,can,1,0.07692307692307693,2.169053700369523,0.1668502846438095
177,can,1,0.07692307692307693,2.169053700369523,0.1668502846438095
309,can,1,0.07692307692307693,2.169053700369523,0.1668502846438095
312,can,1,0.07692307692307693,2.169053700369523,0.1668502846438095
336,can,1,0.07692307692307693,2.169053700369523,0.1668502846438095
60,get,1,0.06666666666666667,2.4906373244969853,0.166042488299799
158,really,1,0.06666666666666667,2.4906373244969853,0.166042488299799
195,get,1,0.06666666666666667,2.4906373244969853,0.166042488299799
7,abdominal,1,0.05263157894736842,3.1498829533812494,0.16578331333585522
7,cramps,1,0.05263157894736842,3.1498829533812494,0.16578331333585522
7,especially,1,0.05263157894736842,3.1498829533812494,0.16578331333585522
295,especially,1,0.05263157894736842,3.1498829533812494,0.16578331333585522
18,support,1,0.058823529411764705,2.8134107167600364,0.165494748044708
35,still,1,0.058823529411764705,2.8134107167600364,0.165494748044708
128,checking,1,0.058823529411764705,2.8134107167600364,0.165494748044708
128,might,1,0.058823529411764705,2.8134107167600364,0.165494748044708
128,others,1,0.058823529411764705,2.8134107167600364,0.165494748044708
128,worth,1,0.058823529411764705,2.8134107167600364,0.165494748044708
139,still,1,0.058823529411764705,2.8134107167600364,0.165494748044708
225,checking,1,0.058823529411764705,2.8134107167600364,0.165494748044708
225,might,1,0.058823529411764705,2.8134107167600364,0.165494748044708
225,others,1,0.058823529411764705,2.8134107167600364,0.165494748044708
225,still,1,0.058823529411764705,2.8134107167600364,0.165494748044708
225,worth,1,0.058823529411764705,2.8134107167600364,0.165494748044708
230,checking,1,0.058823529411764705,2.8134107167600364,0.165494748044708
230,might,1,0.058823529411764705,2.8134107167600364,0.165494748044708
230,others,1,0.058823529411764705,2.8134107167600364,0.165494748044708
230,worth,1,0.058823529411764705,2.8134107167600364,0.165494748044708
238,checking,1,0.058823529411764705,2.8134107167600364,0.165494748044708
238,might,1,0.058823529411764705,2.8134107167600364,0.165494748044708
238,others,1,0.058823529411764705,2.8134107167600364,0.165494748044708
238,worth,1,0.058823529411764705,2.8134107167600364,0.165494748044708
246,still,1,0.058823529411764705,2.8134107167600364,0.165494748044708
256,chest,1,0.058823529411764705,2.8134107167600364,0.165494748044708
141,work,1,0.07692307692307693,2.1443610877791515,0.16495085290608857
228,work,1,0.07692307692307693,2.1443610877791515,0.16495085290608857
276,every,1,0.0625,2.6390573296152584,0.16494108310095365
296,last,1,0.0625,2.6390573296152584,0.16494108310095365
4,badly,1,0.05555555555555555,2.9675613965872945,0.16486452203262747
271,badly,1,0.05555555555555555,2.9675613965872945,0.16486452203262747
105,log,1,0.05,3.2929837970219227,0.16464918985109614
216,log,1,0.05,3.2929837970219227,0.16464918985109614
72,try,1,0.058823529411764705,2.7668907011251433,0.16275827653677313
139,try,1,0.058823529411764705,2.7668907011251433,0.16275827653677313
163,try,1,0.058823529411764705,2.7668907011251433,0.16275827653677313
225,try,1,0.058823529411764705,2.7668907011251433,0.16275827653677313
276,like,1,0.0625,2.5998366164619773,0.16248978852887358
7,affect,1,0.05263157894736842,3.0853444322436783,0.16238654906545674
7,starting,1,0.05263157894736842,3.0853444322436783,0.16238654906545674
295,affect,1,0.05263157894736842,3.0853444322436783,0.16238654906545674
295,starting,1,0.05263157894736842,3.0853444322436783,0.16238654906545674
310,affect,1,0.05263157894736842,3.0853444322436783,0.16238654906545674
310,starting,1,0.05263157894736842,3.0853444322436783,0.16238654906545674
44,prescription,1,0.05555555555555555,2.913494175317019,0.16186078751761215
194,friends,1,0.05555555555555555,2.913494175317019,0.16186078751761215
194,similar,1,0.05555555555555555,2.913494175317019,0.16186078751761215
194,talked,1,0.05555555555555555,2.913494175317019,0.16186078751761215
220,friends,1,0.05555555555555555,2.913494175317019,0.16186078751761215
220,similar,1,0.05555555555555555,2.913494175317019,0.16186078751761215
220,talked,1,0.05555555555555555,2.913494175317019,0.16186078751761215
35,one,1,0.058823529411764705,2.7224389385543097,0.16014346697378293
35,weeks,1,0.058823529411764705,2.7224389385543097,0.16014346697378293
139,one,1,0.058823529411764705,2.7224389385543097,0.16014346697378293
225,one,1,0.058823529411764705,2.7224389385543097,0.16014346697378293
246,one,1,0.058823529411764705,2.7224389385543097,0.16014346697378293
246,weeks,1,0.058823529411764705,2.7224389385543097,0.16014346697378293
17,even,1,0.07692307692307693,2.073743520565198,0.1595187323511691
144,even,1,0.07692307692307693,2.073743520565198,0.1595187323511691
41,sure,1,0.06666666666666667,2.392197251683733,0.1594798167789155
60,sure,1,0.06666666666666667,2.392197251683733,0.1594798167789155
122,sure,1,0.06666666666666667,2.392197251683733,0.1594798167789155
170,sure,1,0.06666666666666667,2.392197251683733,0.1594798167789155
195,sure,1,0.06666666666666667,2.392197251683733,0.1594798167789155
311,sure,1,0.06666666666666667,2.392197251683733,0.1594798167789155
313,sure,1,0.06666666666666667,2.392197251683733,0.1594798167789155
46,just,1,0.05555555555555555,2.8622008809294686,0.15901116005163712
136,just,1,0.05555555555555555,2.8622008809294686,0.15901116005163712
136,keeps,1,0.05555555555555555,2.8622008809294686,0.15901116005163712
179,keeps,1,0.05555555555555555,2.8622008809294686,0.15901116005163712
179,times,1,0.05555555555555555,2.8622008809294686,0.15901116005163712
194,just,1,0.05555555555555555,2.8622008809294686,0.15901116005163712
194,keeps,1,0.05555555555555555,2.8622008809294686,0.15901116005163712
245,keeps,1,0.05555555555555555,2.8622008809294686,0.15901116005163712
245,times,1,0.05555555555555555,2.8622008809294686,0.15901116005163712
275,just,1,0.05555555555555555,2.8622008809294686,0.15901116005163712
15,experiencing,1,0.14285714285714285,1.1130010261202095,0.15900014658860134
51,experiencing,1,0.14285714285714285,1.1130010261202095,0.15900014658860134
59,experiencing,1,0.14285714285714285,1.1130010261202095,0.15900014658860134
101,experiencing,1,0.14285714285714285,1.1130010261202095,0.15900014658860134
108,experiencing,1,0.14285714285714285,1.1130010261202095,0.15900014658860134
110,experiencing,1,0.14285714285714285,1.1130010261202095,0.15900014658860134
125,experiencing,1,0.14285714285714285,1.1130010261202095,0.15900014658860134
143,experiencing,1,0.14285714285714285,1.1130010261202095,0.15900014658860134
164,experiencing,1,0.14285714285714285,1.1130010261202095,0.15900014658860134
168,experiencing,1,0.14285714285714285,1.1130010261202095,0.15900014658860134
175,experiencing,1,0.14285714285714285,1.1130010261202095,0.15900014658860134
180,experiencing,1,0.14285714285714285,1.1130010261202095,0.15900014658860134
204,experiencing,1,0.14285714285714285,1.1130010261202095,0.15900014658860134
224,experiencing,1,0.14285714285714285,1.1130010261202095,0.15900014658860134
226,experiencing,1,0.14285714285714285,1.1130010261202095,0.15900014658860134
248,experiencing,1,0.14285714285714285,1.1130010261202095,0.15900014658860134
252,experiencing,1,0.14285714285714285,1.1130010261202095,0.15900014658860134
266,experiencing,1,0.14285714285714285,1.1130010261202095,0.15900014658860134
272,experiencing,1,0.14285714285714285,1.1130010261202095,0.15900014658860134
277,experiencing,1,0.14285714285714285,1.1130010261202095,0.15900014658860134
332,experiencing,1,0.14285714285714285,1.1130010261202095,0.15900014658860134
349,experiencing,1,0.14285714285714285,1.1130010261202095,0.15900014658860134
350,experiencing,1,0.14285714285714285,1.1130010261202095,0.15900014658860134
66,started,1,0.0625,2.5257286443082556,0.15785804026926598
276,time,1,0.0625,2.5257286443082556,0.15785804026926598
279,time,1,0.0625,2.5257286443082556,0.15785804026926598
296,started,1,0.0625,2.5257286443082556,0.15785804026926598
18,goes,1,0.058823529411764705,2.6798793241355137,0.15763996024326551
18,issues,1,0.058823529411764705,2.6798793241355137,0.15763996024326551
18,tried,1,0.058823529411764705,2.6798793241355137,0.15763996024326551
35,issues,1,0.058823529411764705,2.6798793241355137,0.15763996024326551
72,issues,1,0.058823529411764705,2.6798793241355137,0.15763996024326551
120,back,1,0.058823529411764705,2.6798793241355137,0.15763996024326551
120,tried,1,0.058823529411764705,2.6798793241355137,0.15763996024326551
142,issues,1,0.058823529411764705,2.6798793241355137,0.15763996024326551
238,goes,1,0.058823529411764705,2.6798793241355137,0.15763996024326551
238,hard,1,0.058823529411764705,2.6798793241355137,0.15763996024326551
256,goes,1,0.058823529411764705,2.6798793241355137,0.15763996024326551
302,goes,1,0.058823529411764705,2.6798793241355137,0.15763996024326551
302,hard,1,0.058823529411764705,2.6798793241355137,0.15763996024326551
55,hoping,1,0.06666666666666667,2.361425593016979,0.15742837286779862
55,soon,1,0.06666666666666667,2.361425593016979,0.15742837286779862
122,app,1,0.06666666666666667,2.361425593016979,0.15742837286779862
158,app,1,0.06666666666666667,2.361425593016979,0.15742837286779862
167,hoping,1,0.06666666666666667,2.361425593016979,0.15742837286779862
167,soon,1,0.06666666666666667,2.361425593016979,0.15742837286779862
219,hoping,1,0.06666666666666667,2.361425593016979,0.15742837286779862
219,soon,1,0.06666666666666667,2.361425593016979,0.15742837286779862
341,app,1,0.06666666666666667,2.361425593016979,0.15742837286779862
23,persistent,1,0.047619047619047616,3.2929837970219227,0.15680875223913918
293,persistent,1,0.047619047619047616,3.2929837970219227,0.15680875223913918
44,checking,1,0.05555555555555555,2.8134107167600364,0.15630059537555757
44,might,1,0.05555555555555555,2.8134107167600364,0.15630059537555757
44,others,1,0.05555555555555555,2.8134107167600364,0.15630059537555757
44,worth,1,0.05555555555555555,2.8134107167600364,0.15630059537555757
46,support,1,0.05555555555555555,2.8134107167600364,0.15630059537555757
54,checking,1,0.05555555555555555,2.8134107167600364,0.15630059537555757
54,chest,1,0.05555555555555555,2.8134107167600364,0.15630059537555757
54,might,1,0.05555555555555555,2.8134107167600364,0.15630059537555757
54,others,1,0.05555555555555555,2.8134107167600364,0.15630059537555757
54,worth,1,0.05555555555555555,2.8134107167600364,0.15630059537555757
130,checking,1,0.05555555555555555,2.8134107167600364,0.15630059537555757
130,might,1,0.05555555555555555,2.8134107167600364,0.15630059537555757
130,others,1,0.05555555555555555,2.8134107167600364,0.15630059537555757
130,worth,1,0.05555555555555555,2.8134107167600364,0.15630059537555757
137,checking,1,0.05555555555555555,2.8134107167600364,0.15630059537555757
137,might,1,0.05555555555555555,2.8134107167600364,0.15630059537555757
137,others,1,0.05555555555555555,2.8134107167600364,0.15630059537555757
137,still,1,0.05555555555555555,2.8134107167600364,0.15630059537555757
137,worth,1,0.05555555555555555,2.8134107167600364,0.15630059537555757
179,checking,1,0.05555555555555555,2.8134107167600364,0.15630059537555757
179,might,1,0.05555555555555555,2.8134107167600364,0.15630059537555757
179,others,1,0.05555555555555555,2.8134107167600364,0.15630059537555757
179,worth,1,0.05555555555555555,2.8134107167600364,0.15630059537555757
201,week,1,0.05555555555555555,2.8134107167600364,0.15630059537555757
201,worse,1,0.05555555555555555,2.8134107167600364,0.15630059537555757
220,week,1,0.05555555555555555,2.8134107167600364,0.15630059537555757
220,worse,1,0.05555555555555555,2.8134107167600364,0.15630059537555757
271,checking,1,0.05555555555555555,2.8134107167600364,0.15630059537555757
271,might,1,0.05555555555555555,2.8134107167600364,0.15630059537555757
271,others,1,0.05555555555555555,2.8134107167600364,0.15630059537555757
271,worth,1,0.05555555555555555,2.8134107167600364,0.15630059537555757
275,checking,1,0.05555555555555555,2.8134107167600364,0.15630059537555757
275,might,1,0.05555555555555555,2.8134107167600364,0.15630059537555757
275,others,1,0.05555555555555555,2.8134107167600364,0.15630059537555757
275,support,1,0.05555555555555555,2.8134107167600364,0.15630059537555757
275,worth,1,0.05555555555555555,2.8134107167600364,0.15630059537555757
342,still,1,0.05555555555555555,2.8134107167600364,0.15630059537555757
72,every,1,0.058823529411764705,2.6390573296152584,0.15523866644795636
120,last,1,0.058823529411764705,2.6390573296152584,0.15523866644795636
163,every,1,0.058823529411764705,2.6390573296152584,0.15523866644795636
331,every,1,0.058823529411764705,2.6390573296152584,0.15523866644795636
135,can,1,0.07142857142857142,2.169053700369523,0.15493240716925163
105,affect,1,0.05,3.0853444322436783,0.15426722161218392
105,starting,1,0.05,3.0853444322436783,0.15426722161218392
44,try,1,0.05555555555555555,2.7668907011251433,0.15371615006250797
136,try,1,0.05555555555555555,2.7668907011251433,0.15371615006250797
194,try,1,0.05555555555555555,2.7668907011251433,0.15371615006250797
201,anything,1,0.05555555555555555,2.7668907011251433,0.15371615006250797
220,anything,1,0.05555555555555555,2.7668907011251433,0.15371615006250797
122,never,1,0.06666666666666667,2.302585092994046,0.15350567286626973
10,friends,1,0.05263157894736842,2.913494175317019,0.15334179870089573
10,similar,1,0.05263157894736842,2.913494175317019,0.15334179870089573
10,talked,1,0.05263157894736842,2.913494175317019,0.15334179870089573
293,resolved,1,0.047619047619047616,3.2188758248682006,0.1532798011842
96,work,1,0.07142857142857142,2.1443610877791515,0.15316864912708225
72,like,1,0.058823529411764705,2.5998366164619773,0.15293156567423397
163,like,1,0.058823529411764705,2.5998366164619773,0.15293156567423397
137,one,1,0.05555555555555555,2.7224389385543097,0.15124660769746165
137,weeks,1,0.05555555555555555,2.7224389385543097,0.15124660769746165
179,one,1,0.05555555555555555,2.7224389385543097,0.15124660769746165
245,one,1,0.05555555555555555,2.7224389385543097,0.15124660769746165
342,one,1,0.05555555555555555,2.7224389385543097,0.15124660769746165
342,weeks,1,0.05555555555555555,2.7224389385543097,0.15124660769746165
87,just,1,0.05263157894736842,2.8622008809294686,0.15064215162786676
87,keeps,1,0.05263157894736842,2.8622008809294686,0.15064215162786676
310,just,1,0.05263157894736842,2.8622008809294686,0.15064215162786676
310,keeps,1,0.05263157894736842,2.8622008809294686,0.15064215162786676
23,using,1,0.047619047619047616,3.1498829533812494,0.14999442635148805
293,using,1,0.047619047619047616,3.1498829533812494,0.14999442635148805
30,persistent,1,0.045454545454545456,3.2929837970219227,0.14968108168281466
66,sure,1,0.0625,2.392197251683733,0.1495123282302333
296,sure,1,0.0625,2.392197251683733,0.1495123282302333
46,goes,1,0.05555555555555555,2.6798793241355137,0.1488821846741952
46,tried,1,0.05555555555555555,2.6798793241355137,0.1488821846741952
54,goes,1,0.05555555555555555,2.6798793241355137,0.1488821846741952
54,issues,1,0.05555555555555555,2.6798793241355137,0.1488821846741952
179,tried,1,0.05555555555555555,2.6798793241355137,0.1488821846741952
194,issues,1,0.05555555555555555,2.6798793241355137,0.1488821846741952
220,issues,1,0.05555555555555555,2.6798793241355137,0.1488821846741952
245,tried,1,0.05555555555555555,2.6798793241355137,0.1488821846741952
275,goes,1,0.05555555555555555,2.6798793241355137,0.1488821846741952
275,tried,1,0.05555555555555555,2.6798793241355137,0.1488821846741952
72,time,1,0.058823529411764705,2.5257286443082556,0.14857227319460328
120,pain,1,0.058823529411764705,2.5257286443082556,0.14857227319460328
128,time,1,0.058823529411764705,2.5257286443082556,0.14857227319460328
163,time,1,0.058823529411764705,2.5257286443082556,0.14857227319460328
193,time,1,0.058823529411764705,2.5257286443082556,0.14857227319460328
256,pain,1,0.058823529411764705,2.5257286443082556,0.14857227319460328
331,time,1,0.058823529411764705,2.5257286443082556,0.14857227319460328
165,even,1,0.07142857142857142,2.073743520565198,0.1481245371832284
7,week,1,0.05263157894736842,2.8134107167600364,0.14807424825052823
7,worse,1,0.05263157894736842,2.8134107167600364,0.14807424825052823
87,checking,1,0.05263157894736842,2.8134107167600364,0.14807424825052823
87,might,1,0.05263157894736842,2.8134107167600364,0.14807424825052823
87,others,1,0.05263157894736842,2.8134107167600364,0.14807424825052823
87,worth,1,0.05263157894736842,2.8134107167600364,0.14807424825052823
36,hoping,1,0.0625,2.361425593016979,0.1475890995635612
36,soon,1,0.0625,2.361425593016979,0.1475890995635612
44,every,1,0.05555555555555555,2.6390573296152584,0.14661429608973656
136,every,1,0.05555555555555555,2.6390573296152584,0.14661429608973656
194,every,1,0.05555555555555555,2.6390573296152584,0.14661429608973656
201,last,1,0.05555555555555555,2.6390573296152584,0.14661429608973656
220,last,1,0.05555555555555555,2.6390573296152584,0.14661429608973656
18,get,1,0.058823529411764705,2.4906373244969853,0.14650807791158738
72,get,1,0.058823529411764705,2.4906373244969853,0.14650807791158738
139,really,1,0.058823529411764705,2.4906373244969853,0.14650807791158738
163,get,1,0.058823529411764705,2.4906373244969853,0.14650807791158738
193,really,1,0.058823529411764705,2.4906373244969853,0.14650807791158738
302,really,1,0.058823529411764705,2.4906373244969853,0.14650807791158738
7,anything,1,0.05263157894736842,2.7668907011251433,0.14562582637500754
87,try,1,0.05263157894736842,2.7668907011251433,0.14562582637500754
310,try,1,0.05263157894736842,2.7668907011251433,0.14562582637500754
37,can,1,0.06666666666666667,2.169053700369523,0.1446035800246349
55,can,1,0.06666666666666667,2.169053700369523,0.1446035800246349
170,can,1,0.06666666666666667,2.169053700369523,0.1446035800246349
219,can,1,0.06666666666666667,2.169053700369523,0.1446035800246349
313,can,1,0.06666666666666667,2.169053700369523,0.1446035800246349
44,like,1,0.05555555555555555,2.5998366164619773,0.14443536758122094
30,using,1,0.045454545454545456,3.1498829533812494,0.1431764978809659
99,work,1,0.06666666666666667,2.1443610877791515,0.14295740585194344
219,work,1,0.06666666666666667,2.1443610877791515,0.14295740585194344
10,issues,1,0.05263157894736842,2.6798793241355137,0.1410462802176586
331,sure,1,0.058823529411764705,2.392197251683733,0.14071748539316076
216,checking,1,0.05,2.8134107167600364,0.14067053583800182
216,might,1,0.05,2.8134107167600364,0.14067053583800182
216,others,1,0.05,2.8134107167600364,0.14067053583800182
216,worth,1,0.05,2.8134107167600364,0.14067053583800182
44,time,1,0.05555555555555555,2.5257286443082556,0.1403182580171253
54,pain,1,0.05555555555555555,2.5257286443082556,0.1403182580171253
136,time,1,0.05555555555555555,2.5257286443082556,0.1403182580171253
194,time,1,0.05555555555555555,2.5257286443082556,0.1403182580171253
201,started,1,0.05555555555555555,2.5257286443082556,0.1403182580171253
220,started,1,0.05555555555555555,2.5257286443082556,0.1403182580171253
6,experiencing,1,0.125,1.1130010261202095,0.13912512826502618
79,experiencing,1,0.125,1.1130010261202095,0.13912512826502618
92,experiencing,1,0.125,1.1130010261202095,0.13912512826502618
104,experiencing,1,0.125,1.1130010261202095,0.13912512826502618
118,experiencing,1,0.125,1.1130010261202095,0.13912512826502618
124,experiencing,1,0.125,1.1130010261202095,0.13912512826502618
147,experiencing,1,0.125,1.1130010261202095,0.13912512826502618
148,experiencing,1,0.125,1.1130010261202095,0.13912512826502618
157,experiencing,1,0.125,1.1130010261202095,0.13912512826502618
183,experiencing,1,0.125,1.1130010261202095,0.13912512826502618
190,experiencing,1,0.125,1.1130010261202095,0.13912512826502618
218,experiencing,1,0.125,1.1130010261202095,0.13912512826502618
235,experiencing,1,0.125,1.1130010261202095,0.13912512826502618
237,experiencing,1,0.125,1.1130010261202095,0.13912512826502618
259,experiencing,1,0.125,1.1130010261202095,0.13912512826502618
274,experiencing,1,0.125,1.1130010261202095,0.13912512826502618
315,experiencing,1,0.125,1.1130010261202095,0.13912512826502618
316,experiencing,1,0.125,1.1130010261202095,0.13912512826502618
163,hoping,1,0.058823529411764705,2.361425593016979,0.1389073878245282
163,soon,1,0.058823529411764705,2.361425593016979,0.1389073878245282
246,hoping,1,0.058823529411764705,2.361425593016979,0.1389073878245282
246,soon,1,0.058823529411764705,2.361425593016979,0.1389073878245282
331,app,1,0.058823529411764705,2.361425593016979,0.1389073878245282
7,last,1,0.05263157894736842,2.6390573296152584,0.13889775419027675
10,every,1,0.05263157894736842,2.6390573296152584,0.13889775419027675
87,every,1,0.05263157894736842,2.6390573296152584,0.13889775419027675
153,every,1,0.05263157894736842,2.6390573296152584,0.13889775419027675
310,every,1,0.05263157894736842,2.6390573296152584,0.13889775419027675
23,friends,1,0.047619047619047616,2.913494175317019,0.138737817872239
23,similar,1,0.047619047619047616,2.913494175317019,0.138737817872239
23,talked,1,0.047619047619047616,2.913494175317019,0.138737817872239
4,really,1,0.05555555555555555,2.4906373244969853,0.1383687402498325
44,get,1,0.05555555555555555,2.4906373244969853,0.1383687402498325
46,get,1,0.05555555555555555,2.4906373244969853,0.1383687402498325
46,really,1,0.05555555555555555,2.4906373244969853,0.1383687402498325
245,really,1,0.05555555555555555,2.4906373244969853,0.1383687402498325
275,get,1,0.05555555555555555,2.4906373244969853,0.1383687402498325
303,really,1,0.05555555555555555,2.4906373244969853,0.1383687402498325
306,really,1,0.05555555555555555,2.4906373244969853,0.1383687402498325
342,really,1,0.05555555555555555,2.4906373244969853,0.1383687402498325
170,even,1,0.06666666666666667,2.073743520565198,0.13824956803767985
313,even,1,0.06666666666666667,2.073743520565198,0.13824956803767985
36,can,1,0.0625,2.169053700369523,0.1355658562730952
187,can,1,0.0625,2.169053700369523,0.1355658562730952
324,work,1,0.0625,2.1443610877791515,0.13402256798619697
7,started,1,0.05263157894736842,2.5257286443082556,0.13293308654253977
10,time,1,0.05263157894736842,2.5257286443082556,0.13293308654253977
87,time,1,0.05263157894736842,2.5257286443082556,0.13293308654253977
153,time,1,0.05263157894736842,2.5257286443082556,0.13293308654253977
295,started,1,0.05263157894736842,2.5257286443082556,0.13293308654253977
310,time,1,0.05263157894736842,2.5257286443082556,0.13293308654253977
105,every,1,0.05,2.6390573296152584,0.13195286648076293
216,every,1,0.05,2.6390573296152584,0.13195286648076293
136,hoping,1,0.05555555555555555,2.361425593016979,0.1311903107231655
136,soon,1,0.05555555555555555,2.361425593016979,0.1311903107231655
179,app,1,0.05555555555555555,2.361425593016979,0.1311903107231655
201,hoping,1,0.05555555555555555,2.361425593016979,0.1311903107231655
201,soon,1,0.05555555555555555,2.361425593016979,0.1311903107231655
245,app,1,0.05555555555555555,2.361425593016979,0.1311903107231655
7,really,1,0.05263157894736842,2.4906373244969853,0.13108617497352554
295,really,1,0.05263157894736842,2.4906373244969853,0.13108617497352554
310,really,1,0.05263157894736842,2.4906373244969853,0.13108617497352554
279,even,1,0.0625,2.073743520565198,0.12960897003532487
179,never,1,0.05555555555555555,2.302585092994046,0.12792139405522476
245,never,1,0.05555555555555555,2.302585092994046,0.12792139405522476
30,checking,1,0.045454545454545456,2.8134107167600364,0.12788230530727437
30,might,1,0.045454545454545456,2.8134107167600364,0.12788230530727437
30,others,1,0.045454545454545456,2.8134107167600364,0.12788230530727437
30,worth,1,0.045454545454545456,2.8134107167600364,0.12788230530727437
23,back,1,0.047619047619047616,2.6798793241355137,0.12761330114931016
23,issues,1,0.047619047619047616,2.6798793241355137,0.12761330114931016
23,tried,1,0.047619047619047616,2.6798793241355137,0.12761330114931016
293,back,1,0.047619047619047616,2.6798793241355137,0.12761330114931016
293,tried,1,0.047619047619047616,2.6798793241355137,0.12761330114931016
163,can,1,0.058823529411764705,2.169053700369523,0.12759139413938372
246,can,1,0.058823529411764705,2.169053700369523,0.12759139413938372
105,time,1,0.05,2.5257286443082556,0.12628643221541277
216,time,1,0.05,2.5257286443082556,0.12628643221541277
23,last,1,0.047619047619047616,2.6390573296152584,0.12566939664834564
293,last,1,0.047619047619047616,2.6390573296152584,0.12566939664834564
105,really,1,0.05,2.4906373244969853,0.12453186622484927
10,app,1,0.05263157894736842,2.361425593016979,0.12428555752720942
153,app,1,0.05263157894736842,2.361425593016979,0.12428555752720942
153,hoping,1,0.05263157894736842,2.361425593016979,0.12428555752720942
153,soon,1,0.05263157894736842,2.361425593016979,0.12428555752720942
29,experiencing,1,0.1111111111111111,1.1130010261202095,0.12366678068002326
49,experiencing,1,0.1111111111111111,1.1130010261202095,0.12366678068002326
76,experiencing,1,0.1111111111111111,1.1130010261202095,0.12366678068002326
80,experiencing,1,0.1111111111111111,1.1130010261202095,0.12366678068002326
84,experiencing,1,0.1111111111111111,1.1130010261202095,0.12366678068002326
90,experiencing,1,0.1111111111111111,1.1130010261202095,0.12366678068002326
146,experiencing,1,0.1111111111111111,1.1130010261202095,0.12366678068002326
149,experiencing,1,0.1111111111111111,1.1130010261202095,0.12366678068002326
186,experiencing,1,0.1111111111111111,1.1130010261202095,0.12366678068002326
188,experiencing,1,0.1111111111111111,1.1130010261202095,0.12366678068002326
192,experiencing,1,0.1111111111111111,1.1130010261202095,0.12366678068002326
212,experiencing,1,0.1111111111111111,1.1130010261202095,0.12366678068002326
243,experiencing,1,0.1111111111111111,1.1130010261202095,0.12366678068002326
262,experiencing,1,0.1111111111111111,1.1130010261202095,0.12366678068002326
278,experiencing,1,0.1111111111111111,1.1130010261202095,0.12366678068002326
292,experiencing,1,0.1111111111111111,1.1130010261202095,0.12366678068002326
128,even,1,0.058823529411764705,2.073743520565198,0.1219849129744234
193,even,1,0.058823529411764705,2.073743520565198,0.1219849129744234
30,back,1,0.045454545454545456,2.6798793241355137,0.12181269655161427
30,tried,1,0.045454545454545456,2.6798793241355137,0.12181269655161427
130,can,1,0.05555555555555555,2.169053700369523,0.12050298335386239
136,can,1,0.05555555555555555,2.169053700369523,0.12050298335386239
201,can,1,0.05555555555555555,2.169053700369523,0.12050298335386239
303,can,1,0.05555555555555555,2.169053700369523,0.12050298335386239
306,can,1,0.05555555555555555,2.169053700369523,0.12050298335386239
23,pain,1,0.047619047619047616,2.5257286443082556,0.1202727925861074
293,pain,1,0.047619047619047616,2.5257286443082556,0.1202727925861074
30,last,1,0.045454545454545456,2.6390573296152584,0.11995715134614811
105,app,1,0.05,2.361425593016979,0.11807127965084896
216,app,1,0.05,2.361425593016979,0.11807127965084896
130,even,1,0.05555555555555555,2.073743520565198,0.11520797336473321
136,even,1,0.05555555555555555,2.073743520565198,0.11520797336473321
194,even,1,0.05555555555555555,2.073743520565198,0.11520797336473321
303,even,1,0.05555555555555555,2.073743520565198,0.11520797336473321
306,even,1,0.05555555555555555,2.073743520565198,0.11520797336473321
30,pain,1,0.045454545454545456,2.5257286443082556,0.11480584746855707
153,can,1,0.05263157894736842,2.169053700369523,0.11416072107208015
293,hoping,1,0.047619047619047616,2.361425593016979,0.11244883776271329
293,soon,1,0.047619047619047616,2.361425593016979,0.11244883776271329
25,experiencing,1,0.1,1.1130010261202095,0.11130010261202095
73,experiencing,1,0.1,1.1130010261202095,0.11130010261202095
273,experiencing,1,0.1,1.1130010261202095,0.11130010261202095
321,experiencing,1,0.1,1.1130010261202095,0.11130010261202095
87,even,1,0.05263157894736842,2.073743520565198,0.10914439581922093
310,even,1,0.05263157894736842,2.073743520565198,0.10914439581922093
293,can,1,0.047619047619047616,2.169053700369523,0.10328827144616777
97,experiencing,1,0.07142857142857142,1.1130010261202095,0.07950007329430067
123,experiencing,1,0.07142857142857142,1.1130010261202095,0.07950007329430067
285,experiencing,1,0.07142857142857142,1.1130010261202095,0.07950007329430067
37,experiencing,1,0.06666666666666667,1.1130010261202095,0.07420006840801396
341,experiencing,1,0.06666666666666667,1.1130010261202095,0.07420006840801396
66,experiencing,1,0.0625,1.1130010261202095,0.06956256413251309
187,experiencing,1,0.0625,1.1130010261202095,0.06956256413251309
276,experiencing,1,0.0625,1.1130010261202095,0.06956256413251309
324,experiencing,1,0.0625,1.1130010261202095,0.06956256413251309
128,experiencing,1,0.058823529411764705,1.1130010261202095,0.06547064859530644
225,experiencing,1,0.058823529411764705,1.1130010261202095,0.06547064859530644
230,experiencing,1,0.058823529411764705,1.1130010261202095,0.06547064859530644
238,experiencing,1,0.058823529411764705,1.1130010261202095,0.06547064859530644
44,experiencing,1,0.05555555555555555,1.1130010261202095,0.06183339034001163
54,experiencing,1,0.05555555555555555,1.1130010261202095,0.06183339034001163
130,experiencing,1,0.05555555555555555,1.1130010261202095,0.06183339034001163
137,experiencing,1,0.05555555555555555,1.1130010261202095,0.06183339034001163
179,experiencing,1,0.05555555555555555,1.1130010261202095,0.06183339034001163
271,experiencing,1,0.05555555555555555,1.1130010261202095,0.06183339034001163
275,experiencing,1,0.05555555555555555,1.1130010261202095,0.06183339034001163
87,experiencing,1,0.05263157894736842,1.1130010261202095,0.05857900137474786
295,experiencing,1,0.05263157894736842,1.1130010261202095,0.05857900137474786
216,experiencing,1,0.05,1.1130010261202095,0.05565005130601047
30,experiencing,1,0.045454545454545456,1.1130010261202095,0.050590955732736795
